host,model,quant,prompt_id,bucket,repetition,is_warmup,total_latency_ms,approx_output_tokens,peak_rss_mb,ttft_ms,tokens_per_sec,source_file,discard_reason
cloud,tinyllama-1.1b,Q4_K_M,short-000,short,0,True,90289.77274299995,180,913.7890625,22110.387657000047,2.6400942128321065,cloud_tinyllama-1.1b_Q4_K_M.discarded_unenforced_npredict.jsonl,unenforced_npredict
cloud,tinyllama-1.1b,Q4_K_M,short-000,short,1,False,93833.56617599998,188,913.7890625,22333.34163599989,2.629362372069549,cloud_tinyllama-1.1b_Q4_K_M.discarded_unenforced_npredict.jsonl,unenforced_npredict
cloud,tinyllama-1.1b,Q4_K_M,short-000,short,2,False,94804.94270600002,191,913.7890625,22066.031248999934,2.6258297818068184,cloud_tinyllama-1.1b_Q4_K_M.discarded_unenforced_npredict.jsonl,unenforced_npredict
cloud,tinyllama-1.1b,Q4_K_M,short-000,short,3,False,104740.67628700004,215,913.796875,22084.684681,2.6011423470043162,cloud_tinyllama-1.1b_Q4_K_M.discarded_unenforced_npredict.jsonl,unenforced_npredict
cloud,tinyllama-1.1b,Q4_K_M,short-000,short,4,False,92670.52226299985,186,913.796875,22088.06933699998,2.635215868666485,cloud_tinyllama-1.1b_Q4_K_M.discarded_unenforced_npredict.jsonl,unenforced_npredict
cloud,tinyllama-1.1b,Q4_K_M,short-001,short,0,True,182297.19944299996,365,917.4453125,29817.52435200019,2.3937616589369584,cloud_tinyllama-1.1b_Q4_K_M.discarded_unenforced_npredict.jsonl,unenforced_npredict
cloud,tinyllama-1.1b,Q4_K_M,short-001,short,1,False,112690.16977900037,214,917.4453125,29533.799895000357,2.5734649107280885,cloud_tinyllama-1.1b_Q4_K_M.discarded_unenforced_npredict.jsonl,unenforced_npredict
cloud,tinyllama-1.1b,Q4_K_M,short-001,short,2,False,100492.48634500008,187,917.4453125,29233.850533999885,2.6242433337621205,cloud_tinyllama-1.1b_Q4_K_M.discarded_unenforced_npredict.jsonl,unenforced_npredict
cloud,tinyllama-1.1b,Q4_K_M,short-001,short,3,False,133874.91704600008,260,917.4453125,29335.381668000082,2.4870973365232327,cloud_tinyllama-1.1b_Q4_K_M.discarded_unenforced_npredict.jsonl,unenforced_npredict
cloud,tinyllama-1.1b,Q4_K_M,short-001,short,4,False,126725.62892800034,245,917.4453125,29330.43548200021,2.515524548301637,cloud_tinyllama-1.1b_Q4_K_M.discarded_unenforced_npredict.jsonl,unenforced_npredict
cloud,tinyllama-1.1b,Q4_K_M,short-002,short,0,True,85986.17724499991,149,917.9375,30482.319133000146,2.6844980703744388,cloud_tinyllama-1.1b_Q4_K_M.discarded_unenforced_npredict.jsonl,unenforced_npredict
cloud,tinyllama-1.1b,Q4_K_M,short-002,short,1,False,70873.49459400002,114,917.9375,30365.315966000253,2.814246501845969,cloud_tinyllama-1.1b_Q4_K_M.discarded_unenforced_npredict.jsonl,unenforced_npredict
cloud,tinyllama-1.1b,Q4_K_M,short-002,short,2,False,73807.40641900002,121,917.9375,30303.352582000116,2.7813499967924904,cloud_tinyllama-1.1b_Q4_K_M.discarded_unenforced_npredict.jsonl,unenforced_npredict
cloud,tinyllama-1.1b,Q4_K_M,short-002,short,3,False,46499.37334900005,56,917.9375,30219.02794100015,3.4397304600480094,cloud_tinyllama-1.1b_Q4_K_M.discarded_unenforced_npredict.jsonl,unenforced_npredict
cloud,tinyllama-1.1b,Q4_K_M,short-002,short,4,False,63294.420921999976,96,917.9375,30340.474261000054,2.9131563811630894,cloud_tinyllama-1.1b_Q4_K_M.discarded_unenforced_npredict.jsonl,unenforced_npredict
cloud,tinyllama-1.1b,Q4_K_M,short-003,short,0,True,26573.029816000144,12,917.9375,26539.667658000326,,cloud_tinyllama-1.1b_Q4_K_M.discarded_unenforced_npredict.jsonl,unenforced_npredict
cloud,tinyllama-1.1b,Q4_K_M,short-003,short,1,False,30236.095443000067,21,917.9375,28052.863306999825,9.61876643977618,cloud_tinyllama-1.1b_Q4_K_M.discarded_unenforced_npredict.jsonl,unenforced_npredict
cloud,tinyllama-1.1b,Q4_K_M,short-003,short,2,False,30933.936814999925,23,917.9375,28046.35368399977,7.9651386493706315,cloud_tinyllama-1.1b_Q4_K_M.discarded_unenforced_npredict.jsonl,unenforced_npredict
cloud,tinyllama-1.1b,Q4_K_M,short-003,short,3,False,30573.96554900015,22,917.9375,28137.01139900013,9.027662666529784,cloud_tinyllama-1.1b_Q4_K_M.discarded_unenforced_npredict.jsonl,unenforced_npredict
cloud,tinyllama-1.1b,Q4_K_M,short-003,short,4,False,30604.738117000124,22,917.9375,28030.746612000257,8.547036754886701,cloud_tinyllama-1.1b_Q4_K_M.discarded_unenforced_npredict.jsonl,unenforced_npredict
cloud,tinyllama-1.1b,Q4_K_M,short-004,short,0,True,245064.20761599974,521,917.9375,22549.12029399975,2.3414142666472975,cloud_tinyllama-1.1b_Q4_K_M.discarded_unenforced_npredict.jsonl,unenforced_npredict
cloud,tinyllama-1.1b,Q4_K_M,short-004,short,1,False,170764.5030660001,360,917.9375,22252.36747000008,2.42404432846696,cloud_tinyllama-1.1b_Q4_K_M.discarded_unenforced_npredict.jsonl,unenforced_npredict
cloud,tinyllama-1.1b,Q4_K_M,short-004,short,2,False,1389110.3706210002,2679,917.94921875,22513.042280999798,1.9603433611670888,cloud_tinyllama-1.1b_Q4_K_M.discarded_unenforced_npredict.jsonl,unenforced_npredict
cloud,tinyllama-1.1b,Q4_K_M,short-004,short,3,False,273293.0398209992,577,917.94921875,22668.22195399982,2.3022460621046723,cloud_tinyllama-1.1b_Q4_K_M.discarded_unenforced_npredict.jsonl,unenforced_npredict
cloud,tinyllama-1.1b,Q4_K_M,short-004,short,4,False,291030.28535700013,614,917.94921875,22401.21072800048,2.28567961546228,cloud_tinyllama-1.1b_Q4_K_M.discarded_unenforced_npredict.jsonl,unenforced_npredict
cloud,tinyllama-1.1b,Q4_K_M,short-005,short,0,True,111173.10390700004,208,917.94921875,29353.740251999625,2.5421855011859167,cloud_tinyllama-1.1b_Q4_K_M.discarded_unenforced_npredict.jsonl,unenforced_npredict
cloud,tinyllama-1.1b,Q4_K_M,short-005,short,1,False,163124.94526199953,326,917.94921875,29245.475626999905,2.4350260789707745,cloud_tinyllama-1.1b_Q4_K_M.discarded_unenforced_npredict.jsonl,unenforced_npredict
cloud,tinyllama-1.1b,Q4_K_M,short-005,short,2,False,85278.75542000038,151,917.94921875,29366.147964000447,2.7006431441929886,cloud_tinyllama-1.1b_Q4_K_M.discarded_unenforced_npredict.jsonl,unenforced_npredict
cloud,tinyllama-1.1b,Q4_K_M,short-005,short,3,False,174588.4596400001,350,917.94921875,29349.234643000273,2.4098173204052133,cloud_tinyllama-1.1b_Q4_K_M.discarded_unenforced_npredict.jsonl,unenforced_npredict
cloud,tinyllama-1.1b,Q4_K_M,short-005,short,4,False,146252.86348400003,288,917.94921875,29260.611597000207,2.461701483258675,cloud_tinyllama-1.1b_Q4_K_M.discarded_unenforced_npredict.jsonl,unenforced_npredict
cloud,tinyllama-1.1b,Q4_K_M,short-006,short,0,True,23097.063731999697,10,917.94921875,23075.01528499961,,cloud_tinyllama-1.1b_Q4_K_M.discarded_unenforced_npredict.jsonl,unenforced_npredict
cloud,tinyllama-1.1b,Q4_K_M,short-006,short,1,False,23285.806384999887,10,917.94921875,23272.258031000092,,cloud_tinyllama-1.1b_Q4_K_M.discarded_unenforced_npredict.jsonl,unenforced_npredict
cloud,tinyllama-1.1b,Q4_K_M,short-006,short,2,False,23205.398953999975,10,917.94921875,23188.528381999276,,cloud_tinyllama-1.1b_Q4_K_M.discarded_unenforced_npredict.jsonl,unenforced_npredict
cloud,tinyllama-1.1b,Q4_K_M,short-006,short,3,False,23232.790709000255,10,917.94921875,23207.814747000157,,cloud_tinyllama-1.1b_Q4_K_M.discarded_unenforced_npredict.jsonl,unenforced_npredict
cloud,tinyllama-1.1b,Q4_K_M,short-006,short,4,False,23195.92307899984,10,917.94921875,23195.775735000097,,cloud_tinyllama-1.1b_Q4_K_M.discarded_unenforced_npredict.jsonl,unenforced_npredict
cloud,tinyllama-1.1b,Q4_K_M,short-007,short,0,True,112185.7342230005,221,917.94921875,25542.06768899985,2.550676914316355,cloud_tinyllama-1.1b_Q4_K_M.discarded_unenforced_npredict.jsonl,unenforced_npredict
cloud,tinyllama-1.1b,Q4_K_M,short-007,short,1,False,87780.85701799954,166,917.94921875,25535.884287000044,2.6668820423039237,cloud_tinyllama-1.1b_Q4_K_M.discarded_unenforced_npredict.jsonl,unenforced_npredict
cloud,tinyllama-1.1b,Q4_K_M,short-007,short,2,False,95667.33125300016,184,917.94921875,25653.88008700029,2.6280664206045397,cloud_tinyllama-1.1b_Q4_K_M.discarded_unenforced_npredict.jsonl,unenforced_npredict
cloud,tinyllama-1.1b,Q4_K_M,short-007,short,3,False,88668.74619300052,169,917.94921875,25559.712950000176,2.677905068665339,cloud_tinyllama-1.1b_Q4_K_M.discarded_unenforced_npredict.jsonl,unenforced_npredict
cloud,tinyllama-1.1b,Q4_K_M,short-007,short,4,False,97765.76774599926,188,917.94921875,25994.086797999444,2.619417540690042,cloud_tinyllama-1.1b_Q4_K_M.discarded_unenforced_npredict.jsonl,unenforced_npredict
cloud,tinyllama-1.1b,Q4_K_M,short-008,short,0,True,141222.57672700015,276,917.94921875,29439.090406000105,2.4690587946723364,cloud_tinyllama-1.1b_Q4_K_M.discarded_unenforced_npredict.jsonl,unenforced_npredict
cloud,tinyllama-1.1b,Q4_K_M,short-008,short,1,False,135709.26662700003,263,917.94921875,29692.591429999993,2.4807418220887776,cloud_tinyllama-1.1b_Q4_K_M.discarded_unenforced_npredict.jsonl,unenforced_npredict
cloud,tinyllama-1.1b,Q4_K_M,short-008,short,2,False,140304.38882399994,273,917.94921875,29431.170527000177,2.4622718109318864,cloud_tinyllama-1.1b_Q4_K_M.discarded_unenforced_npredict.jsonl,unenforced_npredict
cloud,tinyllama-1.1b,Q4_K_M,short-008,short,3,False,142313.35175099957,279,917.94921875,29453.118112000084,2.4720841965685065,cloud_tinyllama-1.1b_Q4_K_M.discarded_unenforced_npredict.jsonl,unenforced_npredict
cloud,tinyllama-1.1b,Q4_K_M,short-008,short,4,False,161756.76119799935,322,917.94921875,29467.311232999236,2.4340565334967503,cloud_tinyllama-1.1b_Q4_K_M.discarded_unenforced_npredict.jsonl,unenforced_npredict
cloud,tinyllama-1.1b,Q4_K_M,short-009,short,0,True,142846.478984,288,917.94921875,25668.174565999834,2.457792860465383,cloud_tinyllama-1.1b_Q4_K_M.discarded_unenforced_npredict.jsonl,unenforced_npredict
cloud,tinyllama-1.1b,Q4_K_M,short-009,short,1,False,149756.69021300017,304,917.94921875,25600.548411999625,2.448529694868064,cloud_tinyllama-1.1b_Q4_K_M.discarded_unenforced_npredict.jsonl,unenforced_npredict
cloud,tinyllama-1.1b,Q4_K_M,short-009,short,2,False,155669.75756899954,318,917.94921875,25557.761248000133,2.4440482737307474,cloud_tinyllama-1.1b_Q4_K_M.discarded_unenforced_npredict.jsonl,unenforced_npredict
cloud,tinyllama-1.1b,Q4_K_M,short-009,short,3,False,158768.6013140001,324,917.94921875,25733.685407999474,2.4354508573443296,cloud_tinyllama-1.1b_Q4_K_M.discarded_unenforced_npredict.jsonl,unenforced_npredict
cloud,tinyllama-1.1b,Q4_K_M,short-009,short,4,False,133723.2931339995,269,917.94921875,25620.02991600002,2.4883615165024064,cloud_tinyllama-1.1b_Q4_K_M.discarded_unenforced_npredict.jsonl,unenforced_npredict
cloud,tinyllama-1.1b,Q4_K_M,short-010,short,0,True,133432.60368699883,274,917.94921875,23710.60855399992,2.4972203583053005,cloud_tinyllama-1.1b_Q4_K_M.discarded_unenforced_npredict.jsonl,unenforced_npredict
cloud,tinyllama-1.1b,Q4_K_M,short-010,short,1,False,92964.02397400016,183,917.94921875,23707.021062999047,2.6423320719662766,cloud_tinyllama-1.1b_Q4_K_M.discarded_unenforced_npredict.jsonl,unenforced_npredict
cloud,tinyllama-1.1b,Q4_K_M,short-010,short,2,False,112046.42362999948,227,917.94921875,23764.2222279992,2.5712997228777383,cloud_tinyllama-1.1b_Q4_K_M.discarded_unenforced_npredict.jsonl,unenforced_npredict
cloud,tinyllama-1.1b,Q4_K_M,short-010,short,3,False,154510.59212700056,320,917.94921875,23983.462938998855,2.4515976256483465,cloud_tinyllama-1.1b_Q4_K_M.discarded_unenforced_npredict.jsonl,unenforced_npredict
cloud,tinyllama-1.1b,Q4_K_M,short-010,short,4,False,84129.17051699878,162,917.94921875,23810.359600000083,2.685729336125658,cloud_tinyllama-1.1b_Q4_K_M.discarded_unenforced_npredict.jsonl,unenforced_npredict
cloud,tinyllama-1.1b,Q4_K_M,short-011,short,0,True,166249.83998199968,347,917.94921875,23240.381161000187,2.4264129300309367,cloud_tinyllama-1.1b_Q4_K_M.discarded_unenforced_npredict.jsonl,unenforced_npredict
cloud,tinyllama-1.1b,Q4_K_M,short-011,short,1,False,155757.90176400007,325,917.94921875,23118.972165999367,2.4502610280782817,cloud_tinyllama-1.1b_Q4_K_M.discarded_unenforced_npredict.jsonl,unenforced_npredict
cloud,tinyllama-1.1b,Q4_K_M,short-011,short,2,False,151331.76440399984,315,917.94921875,23058.201051999276,2.455689167498965,cloud_tinyllama-1.1b_Q4_K_M.discarded_unenforced_npredict.jsonl,unenforced_npredict
cloud,tinyllama-1.1b,Q4_K_M,short-011,short,3,False,149252.05781300063,310,917.94921875,23477.573916999972,2.46472885753465,cloud_tinyllama-1.1b_Q4_K_M.discarded_unenforced_npredict.jsonl,unenforced_npredict
cloud,tinyllama-1.1b,Q4_K_M,short-011,short,4,False,155179.54848299996,323,917.94921875,23027.868221999597,2.4441611288034557,cloud_tinyllama-1.1b_Q4_K_M.discarded_unenforced_npredict.jsonl,unenforced_npredict
cloud,tinyllama-1.1b,Q4_K_M,short-012,short,0,True,30475.523244000215,26,917.94921875,26315.032159998736,6.249262280594461,cloud_tinyllama-1.1b_Q4_K_M.discarded_unenforced_npredict.jsonl,unenforced_npredict
cloud,tinyllama-1.1b,Q4_K_M,short-012,short,1,False,33260.82520499949,33,917.94921875,26322.188821000964,4.755977712869152,cloud_tinyllama-1.1b_Q4_K_M.discarded_unenforced_npredict.jsonl,unenforced_npredict
cloud,tinyllama-1.1b,Q4_K_M,short-012,short,2,False,33430.53266100105,33,917.94921875,26510.159580000618,4.768529039366387,cloud_tinyllama-1.1b_Q4_K_M.discarded_unenforced_npredict.jsonl,unenforced_npredict
cloud,tinyllama-1.1b,Q4_K_M,short-012,short,3,False,32372.767205000855,31,917.94921875,26243.63163900125,5.057809484908039,cloud_tinyllama-1.1b_Q4_K_M.discarded_unenforced_npredict.jsonl,unenforced_npredict
cloud,tinyllama-1.1b,Q4_K_M,short-012,short,4,False,29428.090983999937,23,917.94921875,26573.85134800097,8.058188145772192,cloud_tinyllama-1.1b_Q4_K_M.discarded_unenforced_npredict.jsonl,unenforced_npredict
cloud,tinyllama-1.1b,Q4_K_M,short-013,short,0,True,151040.05383100046,317,917.94921875,22121.638495000298,2.4589194582775673,cloud_tinyllama-1.1b_Q4_K_M.discarded_unenforced_npredict.jsonl,unenforced_npredict
cloud,tinyllama-1.1b,Q4_K_M,short-013,short,1,False,255802.4291210004,544,917.94921875,22105.459069998687,2.3278008263490886,cloud_tinyllama-1.1b_Q4_K_M.discarded_unenforced_npredict.jsonl,unenforced_npredict
cloud,tinyllama-1.1b,Q4_K_M,short-013,short,2,False,189849.45942500053,402,917.94921875,22007.860071000323,2.395115403733306,cloud_tinyllama-1.1b_Q4_K_M.discarded_unenforced_npredict.jsonl,unenforced_npredict
cloud,tinyllama-1.1b,Q4_K_M,short-013,short,3,False,235002.8771339985,499,917.94921875,22114.54099599905,2.343951806155016,cloud_tinyllama-1.1b_Q4_K_M.discarded_unenforced_npredict.jsonl,unenforced_npredict
cloud,tinyllama-1.1b,Q4_K_M,short-013,short,4,False,160334.50995800013,337,917.94921875,21956.239480001386,2.4353534614640298,cloud_tinyllama-1.1b_Q4_K_M.discarded_unenforced_npredict.jsonl,unenforced_npredict
cloud,tinyllama-1.1b,Q4_K_M,short-014,short,0,True,20617.270486000052,7,917.94921875,20601.482702000794,,cloud_tinyllama-1.1b_Q4_K_M.discarded_unenforced_npredict.jsonl,unenforced_npredict
cloud,tinyllama-1.1b,Q4_K_M,short-014,short,1,False,20534.823329000574,7,917.94921875,20519.22745000047,,cloud_tinyllama-1.1b_Q4_K_M.discarded_unenforced_npredict.jsonl,unenforced_npredict
cloud,tinyllama-1.1b,Q4_K_M,short-014,short,2,False,20554.824771999847,7,917.94921875,20536.71453700008,,cloud_tinyllama-1.1b_Q4_K_M.discarded_unenforced_npredict.jsonl,unenforced_npredict
cloud,tinyllama-1.1b,Q4_K_M,short-014,short,3,False,20596.63370400085,7,917.94921875,20578.722517000642,,cloud_tinyllama-1.1b_Q4_K_M.discarded_unenforced_npredict.jsonl,unenforced_npredict
cloud,tinyllama-1.1b,Q4_K_M,short-014,short,4,False,20531.300511000154,7,917.94921875,20502.575730999524,,cloud_tinyllama-1.1b_Q4_K_M.discarded_unenforced_npredict.jsonl,unenforced_npredict
cloud,tinyllama-1.1b,Q4_K_M,short-015,short,0,True,22438.511055001072,10,917.94921875,22407.96802800105,,cloud_tinyllama-1.1b_Q4_K_M.discarded_unenforced_npredict.jsonl,unenforced_npredict
cloud,tinyllama-1.1b,Q4_K_M,short-015,short,1,False,22409.796895999534,10,917.94921875,22391.221724999923,,cloud_tinyllama-1.1b_Q4_K_M.discarded_unenforced_npredict.jsonl,unenforced_npredict
cloud,tinyllama-1.1b,Q4_K_M,short-015,short,2,False,22433.781609001016,10,917.94921875,22403.21003000099,,cloud_tinyllama-1.1b_Q4_K_M.discarded_unenforced_npredict.jsonl,unenforced_npredict
cloud,tinyllama-1.1b,Q4_K_M,short-015,short,3,False,26751.08159299998,20,917.94921875,25050.78464699909,11.762651251618218,cloud_tinyllama-1.1b_Q4_K_M.discarded_unenforced_npredict.jsonl,unenforced_npredict
cloud,tinyllama-1.1b,Q4_K_M,short-015,short,4,False,22476.445005999267,10,917.94921875,22451.099211000837,,cloud_tinyllama-1.1b_Q4_K_M.discarded_unenforced_npredict.jsonl,unenforced_npredict
cloud,tinyllama-1.1b,Q4_K_M,short-016,short,0,True,64183.78530299924,119,917.94921875,21765.029807000246,2.8053628308643868,cloud_tinyllama-1.1b_Q4_K_M.discarded_unenforced_npredict.jsonl,unenforced_npredict
cloud,tinyllama-1.1b,Q4_K_M,short-016,short,1,False,76671.02664199956,150,917.94921875,21703.02185899891,2.7288601904355247,cloud_tinyllama-1.1b_Q4_K_M.discarded_unenforced_npredict.jsonl,unenforced_npredict
cloud,tinyllama-1.1b,Q4_K_M,short-016,short,2,False,56557.53746699884,101,917.94921875,21769.562859999496,2.903302107725432,cloud_tinyllama-1.1b_Q4_K_M.discarded_unenforced_npredict.jsonl,unenforced_npredict
cloud,tinyllama-1.1b,Q4_K_M,short-016,short,3,False,62290.619300998515,115,917.94921875,21787.960250998367,2.839319755723534,cloud_tinyllama-1.1b_Q4_K_M.discarded_unenforced_npredict.jsonl,unenforced_npredict
cloud,tinyllama-1.1b,Q4_K_M,short-016,short,4,False,56711.08391300004,102,917.94921875,21661.187015000905,2.9101369483863673,cloud_tinyllama-1.1b_Q4_K_M.discarded_unenforced_npredict.jsonl,unenforced_npredict
cloud,tinyllama-1.1b,Q4_K_M,short-017,short,0,True,42995.001231998685,67,917.94921875,22085.60740899884,3.204301404773464,cloud_tinyllama-1.1b_Q4_K_M.discarded_unenforced_npredict.jsonl,unenforced_npredict
cloud,tinyllama-1.1b,Q4_K_M,short-017,short,1,False,49502.77809799991,83,917.94921875,22087.910473001102,3.027554286795635,cloud_tinyllama-1.1b_Q4_K_M.discarded_unenforced_npredict.jsonl,unenforced_npredict
cloud,tinyllama-1.1b,Q4_K_M,short-017,short,2,False,40107.71031200056,60,917.94921875,22063.051963999897,3.3250837362985015,cloud_tinyllama-1.1b_Q4_K_M.discarded_unenforced_npredict.jsonl,unenforced_npredict
cloud,tinyllama-1.1b,Q4_K_M,short-017,short,3,False,62494.01317399861,114,917.94921875,22112.351085999762,2.823063591379019,cloud_tinyllama-1.1b_Q4_K_M.discarded_unenforced_npredict.jsonl,unenforced_npredict
cloud,tinyllama-1.1b,Q4_K_M,short-017,short,4,False,46787.95833699951,76,917.94921875,22194.136042000537,3.0902069262919825,cloud_tinyllama-1.1b_Q4_K_M.discarded_unenforced_npredict.jsonl,unenforced_npredict
cloud,tinyllama-1.1b,Q4_K_M,short-018,short,0,True,177940.9070220008,368,917.94921875,25382.94694400065,2.4121979594630667,cloud_tinyllama-1.1b_Q4_K_M.discarded_unenforced_npredict.jsonl,unenforced_npredict
cloud,tinyllama-1.1b,Q4_K_M,short-018,short,1,False,112216.8108549995,223,917.94921875,25405.668094999783,2.568794660571529,cloud_tinyllama-1.1b_Q4_K_M.discarded_unenforced_npredict.jsonl,unenforced_npredict
cloud,tinyllama-1.1b,Q4_K_M,short-018,short,2,False,93446.16259299983,180,917.94921875,25288.708964999387,2.640943732763696,cloud_tinyllama-1.1b_Q4_K_M.discarded_unenforced_npredict.jsonl,unenforced_npredict
cloud,tinyllama-1.1b,Q4_K_M,short-018,short,3,False,198446.7345159992,412,917.94921875,25277.27684399906,2.3791724333997064,cloud_tinyllama-1.1b_Q4_K_M.discarded_unenforced_npredict.jsonl,unenforced_npredict
cloud,tinyllama-1.1b,Q4_K_M,short-018,short,4,False,92074.56442900002,177,917.94921875,25242.928313000448,2.648446309062094,cloud_tinyllama-1.1b_Q4_K_M.discarded_unenforced_npredict.jsonl,unenforced_npredict
cloud,tinyllama-1.1b,Q4_K_M,short-019,short,0,True,156830.84560099995,331,917.94921875,21658.1208710013,2.4487188570117038,cloud_tinyllama-1.1b_Q4_K_M.discarded_unenforced_npredict.jsonl,unenforced_npredict
cloud,tinyllama-1.1b,Q4_K_M,short-019,short,1,False,133946.81910500003,279,917.94921875,21708.212544999697,2.485775692972922,cloud_tinyllama-1.1b_Q4_K_M.discarded_unenforced_npredict.jsonl,unenforced_npredict
cloud,tinyllama-1.1b,Q4_K_M,short-019,short,2,False,127502.3074260007,266,917.94921875,21662.48491100123,2.5132317277110214,cloud_tinyllama-1.1b_Q4_K_M.discarded_unenforced_npredict.jsonl,unenforced_npredict
cloud,tinyllama-1.1b,Q4_K_M,short-019,short,3,False,142761.20195800104,300,917.94921875,21615.49302700041,2.476356799157179,cloud_tinyllama-1.1b_Q4_K_M.discarded_unenforced_npredict.jsonl,unenforced_npredict
cloud,tinyllama-1.1b,Q4_K_M,short-019,short,4,False,162324.11077299912,343,917.94921875,21684.570720999545,2.4388589430339462,cloud_tinyllama-1.1b_Q4_K_M.discarded_unenforced_npredict.jsonl,unenforced_npredict
cloud,tinyllama-1.1b,Q4_K_M,medium-000,medium,0,True,66308.12789599986,63,925.13671875,46796.72532800032,3.2288811519539697,cloud_tinyllama-1.1b_Q4_K_M.discarded_unenforced_npredict.jsonl,unenforced_npredict
cloud,tinyllama-1.1b,Q4_K_M,medium-000,medium,1,False,67240.6878769998,65,925.13671875,46894.647356999485,3.194724788643987,cloud_tinyllama-1.1b_Q4_K_M.discarded_unenforced_npredict.jsonl,unenforced_npredict
cloud,tinyllama-1.1b,Q4_K_M,medium-000,medium,2,False,75093.74777700032,84,925.13671875,46775.19388499968,2.9662531611025567,cloud_tinyllama-1.1b_Q4_K_M.discarded_unenforced_npredict.jsonl,unenforced_npredict
cloud,tinyllama-1.1b,Q4_K_M,medium-000,medium,3,False,68402.38836699973,68,925.13671875,46772.31986100014,3.143771827682315,cloud_tinyllama-1.1b_Q4_K_M.discarded_unenforced_npredict.jsonl,unenforced_npredict
cloud,tinyllama-1.1b,Q4_K_M,medium-000,medium,4,False,69201.91370400062,69,925.13671875,46875.418327999796,3.0904984789582977,cloud_tinyllama-1.1b_Q4_K_M.discarded_unenforced_npredict.jsonl,unenforced_npredict
cloud,tinyllama-1.1b,Q4_K_M,medium-001,medium,0,True,90060.58314999973,76,932.08984375,64644.32794900131,2.9902123424152,cloud_tinyllama-1.1b_Q4_K_M.discarded_unenforced_npredict.jsonl,unenforced_npredict
cloud,tinyllama-1.1b,Q4_K_M,medium-001,medium,1,False,86726.81517599995,69,932.08984375,64450.3709010005,3.0974422644927118,cloud_tinyllama-1.1b_Q4_K_M.discarded_unenforced_npredict.jsonl,unenforced_npredict
cloud,tinyllama-1.1b,Q4_K_M,medium-001,medium,2,False,88160.56857399963,72,932.08984375,64708.853482999984,3.0701379289582253,cloud_tinyllama-1.1b_Q4_K_M.discarded_unenforced_npredict.jsonl,unenforced_npredict
cloud,tinyllama-1.1b,Q4_K_M,medium-001,medium,3,False,86638.42641300107,68,932.08984375,64417.18211599982,3.0601346662291355,cloud_tinyllama-1.1b_Q4_K_M.discarded_unenforced_npredict.jsonl,unenforced_npredict
cloud,tinyllama-1.1b,Q4_K_M,medium-001,medium,4,False,91869.8443079993,81,932.08984375,64383.87972199962,2.9469586103322842,cloud_tinyllama-1.1b_Q4_K_M.discarded_unenforced_npredict.jsonl,unenforced_npredict
cloud,tinyllama-1.1b,Q4_K_M,medium-002,medium,0,True,127561.25844400049,147,934.45703125,69738.53560200041,2.542253162336817,cloud_tinyllama-1.1b_Q4_K_M.discarded_unenforced_npredict.jsonl,unenforced_npredict
cloud,tinyllama-1.1b,Q4_K_M,medium-002,medium,1,False,119237.58025499956,129,934.45703125,69772.25749600075,2.6078875625355566,cloud_tinyllama-1.1b_Q4_K_M.discarded_unenforced_npredict.jsonl,unenforced_npredict
cloud,tinyllama-1.1b,Q4_K_M,medium-002,medium,2,False,1194577.5318699998,2003,934.51171875,69884.92500699977,1.7809310630989037,cloud_tinyllama-1.1b_Q4_K_M.discarded_unenforced_npredict.jsonl,unenforced_npredict
cloud,tinyllama-1.1b,Q4_K_M,medium-002,medium,3,False,167141.18999899982,232,934.51171875,70093.82356400056,2.3905852216545185,cloud_tinyllama-1.1b_Q4_K_M.discarded_unenforced_npredict.jsonl,unenforced_npredict
cloud,tinyllama-1.1b,Q4_K_M,medium-002,medium,4,False,185821.17042400024,272,934.51171875,70156.3329110013,2.351622202983093,cloud_tinyllama-1.1b_Q4_K_M.discarded_unenforced_npredict.jsonl,unenforced_npredict
cloud,tinyllama-1.1b,Q4_K_M,medium-003,medium,0,True,67646.15939599935,56,934.51171875,50937.16481000047,3.3514883083943654,cloud_tinyllama-1.1b_Q4_K_M.discarded_unenforced_npredict.jsonl,unenforced_npredict
cloud,tinyllama-1.1b,Q4_K_M,medium-003,medium,1,False,75084.6954360004,74,934.51171875,50836.66489400093,3.0517942424984272,cloud_tinyllama-1.1b_Q4_K_M.discarded_unenforced_npredict.jsonl,unenforced_npredict
cloud,tinyllama-1.1b,Q4_K_M,medium-003,medium,2,False,78851.20305599958,81,934.51171875,51042.90811200008,2.9127999455960265,cloud_tinyllama-1.1b_Q4_K_M.discarded_unenforced_npredict.jsonl,unenforced_npredict
cloud,tinyllama-1.1b,Q4_K_M,medium-003,medium,3,False,113533.26716800075,161,934.51171875,50824.19156600008,2.5674114704198168,cloud_tinyllama-1.1b_Q4_K_M.discarded_unenforced_npredict.jsonl,unenforced_npredict
cloud,tinyllama-1.1b,Q4_K_M,medium-003,medium,4,False,78622.83600800038,81,934.51171875,50904.199554001025,2.922221666077409,cloud_tinyllama-1.1b_Q4_K_M.discarded_unenforced_npredict.jsonl,unenforced_npredict
cloud,tinyllama-1.1b,Q4_K_M,medium-004,medium,0,True,62225.60648799845,52,934.51171875,47140.54406299874,3.447118648566084,cloud_tinyllama-1.1b_Q4_K_M.discarded_unenforced_npredict.jsonl,unenforced_npredict
cloud,tinyllama-1.1b,Q4_K_M,medium-004,medium,1,False,62434.68457200106,52,934.51171875,47112.98722100037,3.3938798560463517,cloud_tinyllama-1.1b_Q4_K_M.discarded_unenforced_npredict.jsonl,unenforced_npredict
cloud,tinyllama-1.1b,Q4_K_M,medium-004,medium,2,False,62139.599567000914,52,934.51171875,47142.06749799996,3.467237126799085,cloud_tinyllama-1.1b_Q4_K_M.discarded_unenforced_npredict.jsonl,unenforced_npredict
cloud,tinyllama-1.1b,Q4_K_M,medium-004,medium,3,False,62105.125469000996,52,934.51171875,47060.86114900063,3.456466789862858,cloud_tinyllama-1.1b_Q4_K_M.discarded_unenforced_npredict.jsonl,unenforced_npredict
cloud,tinyllama-1.1b,Q4_K_M,medium-004,medium,4,False,62188.40218600053,52,934.51171875,47117.62061599984,3.4503850884223,cloud_tinyllama-1.1b_Q4_K_M.discarded_unenforced_npredict.jsonl,unenforced_npredict
cloud,tinyllama-1.1b,Q4_K_M,medium-005,medium,0,True,226497.87644200114,425,934.51171875,43233.63465699913,2.3190557844808173,cloud_tinyllama-1.1b_Q4_K_M.discarded_unenforced_npredict.jsonl,unenforced_npredict
cloud,tinyllama-1.1b,Q4_K_M,medium-005,medium,1,False,182948.35686499937,329,934.51171875,43315.034046998335,2.356171101283758,cloud_tinyllama-1.1b_Q4_K_M.discarded_unenforced_npredict.jsonl,unenforced_npredict
cloud,tinyllama-1.1b,Q4_K_M,medium-005,medium,2,False,172848.07682899918,308,934.51171875,43429.6626739997,2.3798777168689473,cloud_tinyllama-1.1b_Q4_K_M.discarded_unenforced_npredict.jsonl,unenforced_npredict
cloud,tinyllama-1.1b,Q4_K_M,medium-005,medium,3,False,197467.01590500015,360,934.51171875,43440.76956799836,2.3372639959837613,cloud_tinyllama-1.1b_Q4_K_M.discarded_unenforced_npredict.jsonl,unenforced_npredict
cloud,tinyllama-1.1b,Q4_K_M,medium-005,medium,4,False,200657.46868800125,368,934.51171875,43221.796752000955,2.3374626314015856,cloud_tinyllama-1.1b_Q4_K_M.discarded_unenforced_npredict.jsonl,unenforced_npredict
cloud,tinyllama-1.1b,Q4_K_M,medium-006,medium,0,True,64441.648174000875,65,934.51171875,43638.51088299998,3.124528723276655,cloud_tinyllama-1.1b_Q4_K_M.discarded_unenforced_npredict.jsonl,unenforced_npredict
cloud,tinyllama-1.1b,Q4_K_M,medium-006,medium,1,False,57606.39117499886,49,934.51171875,43633.51638399763,3.506794466630219,cloud_tinyllama-1.1b_Q4_K_M.discarded_unenforced_npredict.jsonl,unenforced_npredict
cloud,tinyllama-1.1b,Q4_K_M,medium-006,medium,2,False,57782.907395998336,49,934.51171875,43760.33497199751,3.4943659778238922,cloud_tinyllama-1.1b_Q4_K_M.discarded_unenforced_npredict.jsonl,unenforced_npredict
cloud,tinyllama-1.1b,Q4_K_M,medium-006,medium,3,False,57583.54538899948,49,934.51171875,43636.405157998524,3.513265026982766,cloud_tinyllama-1.1b_Q4_K_M.discarded_unenforced_npredict.jsonl,unenforced_npredict
cloud,tinyllama-1.1b,Q4_K_M,medium-006,medium,4,False,58082.55373399879,49,934.51171875,43823.68156300072,3.4364569239679326,cloud_tinyllama-1.1b_Q4_K_M.discarded_unenforced_npredict.jsonl,unenforced_npredict
cloud,tinyllama-1.1b,Q4_K_M,medium-007,medium,0,True,99701.44134599832,120,934.51171875,55015.77672699932,2.685424979647267,cloud_tinyllama-1.1b_Q4_K_M.discarded_unenforced_npredict.jsonl,unenforced_npredict
cloud,tinyllama-1.1b,Q4_K_M,medium-007,medium,1,False,95762.04825999957,112,934.51171875,54799.27028499878,2.734189562737971,cloud_tinyllama-1.1b_Q4_K_M.discarded_unenforced_npredict.jsonl,unenforced_npredict
cloud,tinyllama-1.1b,Q4_K_M,medium-007,medium,2,False,99656.54200500285,121,934.51171875,54934.49103999956,2.7056004228135047,cloud_tinyllama-1.1b_Q4_K_M.discarded_unenforced_npredict.jsonl,unenforced_npredict
cloud,tinyllama-1.1b,Q4_K_M,medium-007,medium,3,False,87645.82567199977,91,934.51171875,55360.2228819982,2.818593804548122,cloud_tinyllama-1.1b_Q4_K_M.discarded_unenforced_npredict.jsonl,unenforced_npredict
cloud,tinyllama-1.1b,Q4_K_M,medium-007,medium,4,False,113388.1932080003,148,934.51171875,55364.79488499754,2.550695138125458,cloud_tinyllama-1.1b_Q4_K_M.discarded_unenforced_npredict.jsonl,unenforced_npredict
cloud,tinyllama-1.1b,Q4_K_M,medium-008,medium,0,True,1212446.0549350006,2123,934.52734375,46307.767222999246,1.8205388009044712,cloud_tinyllama-1.1b_Q4_K_M.discarded_unenforced_npredict.jsonl,unenforced_npredict
cloud,tinyllama-1.1b,Q4_K_M,medium-008,medium,1,False,130908.88532499957,209,934.52734375,45299.426248999225,2.441319011424414,cloud_tinyllama-1.1b_Q4_K_M.discarded_unenforced_npredict.jsonl,unenforced_npredict
cloud,tinyllama-1.1b,Q4_K_M,medium-008,medium,2,False,158064.9463530026,268,934.52734375,44999.1174650022,2.3703005818448712,cloud_tinyllama-1.1b_Q4_K_M.discarded_unenforced_npredict.jsonl,unenforced_npredict
cloud,tinyllama-1.1b,Q4_K_M,medium-008,medium,3,False,149990.76776900256,251,934.52734375,45181.98822400154,2.394837542137678,cloud_tinyllama-1.1b_Q4_K_M.discarded_unenforced_npredict.jsonl,unenforced_npredict
cloud,tinyllama-1.1b,Q4_K_M,medium-008,medium,4,False,116497.43707000016,179,934.52734375,45261.19293400188,2.51276582828073,cloud_tinyllama-1.1b_Q4_K_M.discarded_unenforced_npredict.jsonl,unenforced_npredict
cloud,tinyllama-1.1b,Q4_K_M,medium-009,medium,0,True,123070.03668000107,166,934.52734375,56228.04206300134,2.4834686779047987,cloud_tinyllama-1.1b_Q4_K_M.discarded_unenforced_npredict.jsonl,unenforced_npredict
cloud,tinyllama-1.1b,Q4_K_M,medium-009,medium,1,False,122438.34979899839,167,934.52734375,55658.38913499829,2.5007502002023005,cloud_tinyllama-1.1b_Q4_K_M.discarded_unenforced_npredict.jsonl,unenforced_npredict
cloud,tinyllama-1.1b,Q4_K_M,medium-009,medium,2,False,118115.30532700272,158,934.52734375,55346.347763002996,2.517167818804414,cloud_tinyllama-1.1b_Q4_K_M.discarded_unenforced_npredict.jsonl,unenforced_npredict
cloud,tinyllama-1.1b,Q4_K_M,medium-009,medium,3,False,113058.45116500132,145,934.52734375,56280.77131300233,2.5538204515923866,cloud_tinyllama-1.1b_Q4_K_M.discarded_unenforced_npredict.jsonl,unenforced_npredict
cloud,tinyllama-1.1b,Q4_K_M,medium-009,medium,4,False,98859.35251800038,116,934.52734375,55638.36114700098,2.6838810568753906,cloud_tinyllama-1.1b_Q4_K_M.discarded_unenforced_npredict.jsonl,unenforced_npredict
cloud,tinyllama-1.1b,Q4_K_M,medium-010,medium,0,True,76152.95315099866,95,934.52734375,42491.53461899914,2.822222120844083,cloud_tinyllama-1.1b_Q4_K_M.discarded_unenforced_npredict.jsonl,unenforced_npredict
cloud,tinyllama-1.1b,Q4_K_M,medium-010,medium,1,False,48525.35400399938,31,934.52734375,42286.67533599946,4.969000913447975,cloud_tinyllama-1.1b_Q4_K_M.discarded_unenforced_npredict.jsonl,unenforced_npredict
cloud,tinyllama-1.1b,Q4_K_M,medium-010,medium,2,False,50416.943709002226,32,934.52734375,43547.58095000216,4.65836513846563,cloud_tinyllama-1.1b_Q4_K_M.discarded_unenforced_npredict.jsonl,unenforced_npredict
cloud,tinyllama-1.1b,Q4_K_M,medium-010,medium,3,False,48172.90000199864,30,934.52734375,42233.08348299906,5.050661060664007,cloud_tinyllama-1.1b_Q4_K_M.discarded_unenforced_npredict.jsonl,unenforced_npredict
cloud,tinyllama-1.1b,Q4_K_M,medium-010,medium,4,False,85921.15849499896,119,934.52734375,42418.757488001575,2.7354811974828417,cloud_tinyllama-1.1b_Q4_K_M.discarded_unenforced_npredict.jsonl,unenforced_npredict
cloud,tinyllama-1.1b,Q4_K_M,medium-011,medium,0,True,91958.36759500162,98,934.52734375,56862.808205001784,2.792376064190167,cloud_tinyllama-1.1b_Q4_K_M.discarded_unenforced_npredict.jsonl,unenforced_npredict
cloud,tinyllama-1.1b,Q4_K_M,medium-011,medium,1,False,92926.67898599757,98,934.52734375,56929.86668699814,2.72246328885972,cloud_tinyllama-1.1b_Q4_K_M.discarded_unenforced_npredict.jsonl,unenforced_npredict
cloud,tinyllama-1.1b,Q4_K_M,medium-011,medium,2,False,92638.18747999903,98,934.52734375,56951.63096199758,2.746132145043628,cloud_tinyllama-1.1b_Q4_K_M.discarded_unenforced_npredict.jsonl,unenforced_npredict
cloud,tinyllama-1.1b,Q4_K_M,medium-011,medium,3,False,91970.17482100273,98,934.52734375,56603.578797999944,2.770976317207905,cloud_tinyllama-1.1b_Q4_K_M.discarded_unenforced_npredict.jsonl,unenforced_npredict
cloud,tinyllama-1.1b,Q4_K_M,medium-011,medium,4,False,92151.93003899913,98,934.52734375,56574.788291000004,2.754577663775128,cloud_tinyllama-1.1b_Q4_K_M.discarded_unenforced_npredict.jsonl,unenforced_npredict
cloud,tinyllama-1.1b,Q4_K_M,medium-012,medium,0,True,123809.82177799888,184,934.52734375,49287.784560001455,2.4690683034033203,cloud_tinyllama-1.1b_Q4_K_M.discarded_unenforced_npredict.jsonl,unenforced_npredict
cloud,tinyllama-1.1b,Q4_K_M,medium-012,medium,1,False,141839.7116410015,225,934.52734375,48755.53048000074,2.4171668826396435,cloud_tinyllama-1.1b_Q4_K_M.discarded_unenforced_npredict.jsonl,unenforced_npredict
cloud,tinyllama-1.1b,Q4_K_M,medium-012,medium,2,False,163972.04246600086,268,934.52734375,48841.10842500013,2.327784467591995,cloud_tinyllama-1.1b_Q4_K_M.discarded_unenforced_npredict.jsonl,unenforced_npredict
cloud,tinyllama-1.1b,Q4_K_M,medium-012,medium,3,False,138695.87211100225,218,934.52734375,48846.267547000025,2.4262766770967024,cloud_tinyllama-1.1b_Q4_K_M.discarded_unenforced_npredict.jsonl,unenforced_npredict
cloud,tinyllama-1.1b,Q4_K_M,medium-012,medium,4,False,174171.04460799965,289,934.52734375,48864.33828499867,2.306341044948142,cloud_tinyllama-1.1b_Q4_K_M.discarded_unenforced_npredict.jsonl,unenforced_npredict
cloud,tinyllama-1.1b,Q4_K_M,medium-013,medium,0,True,125731.19662199679,130,935.71484375,73564.69626999751,2.492020724465136,cloud_tinyllama-1.1b_Q4_K_M.discarded_unenforced_npredict.jsonl,unenforced_npredict
cloud,tinyllama-1.1b,Q4_K_M,medium-013,medium,1,False,148339.039339,177,935.71484375,73808.47835299937,2.3748647220466594,cloud_tinyllama-1.1b_Q4_K_M.discarded_unenforced_npredict.jsonl,unenforced_npredict
cloud,tinyllama-1.1b,Q4_K_M,medium-013,medium,2,False,126163.19478999867,129,935.71484375,74588.36064899879,2.501219871058204,cloud_tinyllama-1.1b_Q4_K_M.discarded_unenforced_npredict.jsonl,unenforced_npredict
cloud,tinyllama-1.1b,Q4_K_M,medium-013,medium,3,False,130918.29267299909,141,935.71484375,73566.59824699818,2.4585149821846657,cloud_tinyllama-1.1b_Q4_K_M.discarded_unenforced_npredict.jsonl,unenforced_npredict
cloud,tinyllama-1.1b,Q4_K_M,medium-013,medium,4,False,125187.6859719996,126,935.71484375,74003.4609409995,2.4616959604973445,cloud_tinyllama-1.1b_Q4_K_M.discarded_unenforced_npredict.jsonl,unenforced_npredict
cloud,tinyllama-1.1b,Q4_K_M,medium-014,medium,0,True,507882.5288340013,938,935.71484375,47233.313222001016,2.0362565878980394,cloud_tinyllama-1.1b_Q4_K_M.discarded_unenforced_npredict.jsonl,unenforced_npredict
cloud,tinyllama-1.1b,Q4_K_M,medium-014,medium,1,False,397003.2016900004,744,935.71484375,46399.69409599871,2.1220552101878876,cloud_tinyllama-1.1b_Q4_K_M.discarded_unenforced_npredict.jsonl,unenforced_npredict
cloud,tinyllama-1.1b,Q4_K_M,medium-014,medium,2,False,464822.7423290009,876,935.71484375,45872.22432300041,2.090939054495818,cloud_tinyllama-1.1b_Q4_K_M.discarded_unenforced_npredict.jsonl,unenforced_npredict
cloud,tinyllama-1.1b,Q4_K_M,medium-014,medium,3,False,159340.1272330011,268,935.71484375,46087.09838800132,2.3663826277599145,cloud_tinyllama-1.1b_Q4_K_M.discarded_unenforced_npredict.jsonl,unenforced_npredict
cloud,tinyllama-1.1b,Q4_K_M,medium-014,medium,4,False,280071.7745449983,518,935.71484375,46130.19598199753,2.214228027278622,cloud_tinyllama-1.1b_Q4_K_M.discarded_unenforced_npredict.jsonl,unenforced_npredict
cloud,tinyllama-1.1b,Q4_K_M,medium-015,medium,0,True,481448.43645999936,909,935.71484375,46870.162274000904,2.091683026959029,cloud_tinyllama-1.1b_Q4_K_M.discarded_unenforced_npredict.jsonl,unenforced_npredict
cloud,tinyllama-1.1b,Q4_K_M,medium-015,medium,1,False,388078.59717500105,730,935.71484375,46884.25934100087,2.1395431255813038,cloud_tinyllama-1.1b_Q4_K_M.discarded_unenforced_npredict.jsonl,unenforced_npredict
cloud,tinyllama-1.1b,Q4_K_M,medium-015,medium,2,False,380567.49069700163,717,935.71484375,47580.99068000229,2.1532404465748503,cloud_tinyllama-1.1b_Q4_K_M.discarded_unenforced_npredict.jsonl,unenforced_npredict
cloud,tinyllama-1.1b,Q4_K_M,medium-015,medium,3,False,420450.3929470011,802,935.71484375,47570.3548599995,2.150825783312312,cloud_tinyllama-1.1b_Q4_K_M.discarded_unenforced_npredict.jsonl,unenforced_npredict
cloud,tinyllama-1.1b,Q4_K_M,medium-015,medium,4,False,316852.2574039998,607,935.71484375,46795.29274900051,2.2476739334438163,cloud_tinyllama-1.1b_Q4_K_M.discarded_unenforced_npredict.jsonl,unenforced_npredict
cloud,tinyllama-1.1b,Q4_K_M,medium-016,medium,0,True,111341.19954500056,93,936.9140625,77585.88389600118,2.7551216219409524,cloud_tinyllama-1.1b_Q4_K_M.discarded_unenforced_npredict.jsonl,unenforced_npredict
cloud,tinyllama-1.1b,Q4_K_M,medium-016,medium,1,False,111499.70135699914,93,936.93359375,77649.5554389985,2.7474032231732566,cloud_tinyllama-1.1b_Q4_K_M.discarded_unenforced_npredict.jsonl,unenforced_npredict
cloud,tinyllama-1.1b,Q4_K_M,medium-016,medium,2,False,109699.31175700185,86,936.93359375,78865.95521900017,2.7891870900920632,cloud_tinyllama-1.1b_Q4_K_M.discarded_unenforced_npredict.jsonl,unenforced_npredict
cloud,tinyllama-1.1b,Q4_K_M,medium-016,medium,3,False,108007.497994,86,936.93359375,77252.72698900153,2.796314106387679,cloud_tinyllama-1.1b_Q4_K_M.discarded_unenforced_npredict.jsonl,unenforced_npredict
cloud,tinyllama-1.1b,Q4_K_M,medium-016,medium,4,False,122666.26086900214,118,936.93359375,77517.54459099902,2.6135848309266483,cloud_tinyllama-1.1b_Q4_K_M.discarded_unenforced_npredict.jsonl,unenforced_npredict
cloud,tinyllama-1.1b,Q4_K_M,medium-017,medium,0,True,153492.58140600068,167,938.796875,85616.77045599936,2.460375760711213,cloud_tinyllama-1.1b_Q4_K_M.discarded_unenforced_npredict.jsonl,unenforced_npredict
cloud,tinyllama-1.1b,Q4_K_M,medium-017,medium,1,False,155255.2023979988,173,938.796875,84395.14253200105,2.4414317505116045,cloud_tinyllama-1.1b_Q4_K_M.discarded_unenforced_npredict.jsonl,unenforced_npredict
cloud,tinyllama-1.1b,Q4_K_M,medium-017,medium,2,False,126449.13551900027,107,938.796875,85819.51534199834,2.6335466473439126,cloud_tinyllama-1.1b_Q4_K_M.discarded_unenforced_npredict.jsonl,unenforced_npredict
cloud,tinyllama-1.1b,Q4_K_M,medium-017,medium,3,False,144491.67731499983,149,938.796875,84605.62575600125,2.488058506465534,cloud_tinyllama-1.1b_Q4_K_M.discarded_unenforced_npredict.jsonl,unenforced_npredict
cloud,tinyllama-1.1b,Q4_K_M,medium-017,medium,4,False,134560.8302039982,127,938.796875,84399.36986499742,2.5318242160756412,cloud_tinyllama-1.1b_Q4_K_M.discarded_unenforced_npredict.jsonl,unenforced_npredict
cloud,tinyllama-1.1b,Q4_K_M,medium-018,medium,0,True,154148.5430399989,217,938.796875,64999.64451900087,2.434129906258887,cloud_tinyllama-1.1b_Q4_K_M.discarded_unenforced_npredict.jsonl,unenforced_npredict
cloud,tinyllama-1.1b,Q4_K_M,medium-018,medium,1,False,125929.97352900056,156,938.796875,64483.99409200283,2.538815418508401,cloud_tinyllama-1.1b_Q4_K_M.discarded_unenforced_npredict.jsonl,unenforced_npredict
cloud,tinyllama-1.1b,Q4_K_M,medium-018,medium,2,False,94646.10338700004,86,938.796875,64476.8568569998,2.8505849463121917,cloud_tinyllama-1.1b_Q4_K_M.discarded_unenforced_npredict.jsonl,unenforced_npredict
cloud,tinyllama-1.1b,Q4_K_M,medium-018,medium,3,False,125461.09144399816,156,938.796875,64296.917872998165,2.5505126758381462,cloud_tinyllama-1.1b_Q4_K_M.discarded_unenforced_npredict.jsonl,unenforced_npredict
cloud,tinyllama-1.1b,Q4_K_M,medium-018,medium,4,False,118514.84388100289,140,938.796875,64111.22132300079,2.573358048919258,cloud_tinyllama-1.1b_Q4_K_M.discarded_unenforced_npredict.jsonl,unenforced_npredict
cloud,tinyllama-1.1b,Q4_K_M,medium-019,medium,0,True,103525.79044899903,124,938.796875,56136.90051099911,2.616647069856085,cloud_tinyllama-1.1b_Q4_K_M.discarded_unenforced_npredict.jsonl,unenforced_npredict
cloud,tinyllama-1.1b,Q4_K_M,medium-019,medium,1,False,98997.90665399996,118,938.796875,55957.542729000124,2.741612506009972,cloud_tinyllama-1.1b_Q4_K_M.discarded_unenforced_npredict.jsonl,unenforced_npredict
cloud,tinyllama-1.1b,Q4_K_M,medium-019,medium,2,False,97565.25716499891,114,938.796875,56365.03350899875,2.766975270615981,cloud_tinyllama-1.1b_Q4_K_M.discarded_unenforced_npredict.jsonl,unenforced_npredict
cloud,tinyllama-1.1b,Q4_K_M,medium-019,medium,3,False,97556.97432300076,113,938.796875,56013.71313300115,2.720056075597686,cloud_tinyllama-1.1b_Q4_K_M.discarded_unenforced_npredict.jsonl,unenforced_npredict
cloud,tinyllama-1.1b,Q4_K_M,medium-019,medium,4,False,96484.30629200084,109,938.796875,57237.062682001124,2.777265101293079,cloud_tinyllama-1.1b_Q4_K_M.discarded_unenforced_npredict.jsonl,unenforced_npredict
edge,tinyllama-1.1b,Q4_K_M,short-000,short,0,True,73129.29617900001,180,909.89453125,18045.237366999983,3.267733058929694,edge_tinyllama-1.1b_Q4_K_M.discarded_n_predict256.jsonl,n_predict256
edge,tinyllama-1.1b,Q4_K_M,short-000,short,1,False,81255.00635,201,909.89453125,18203.090777,3.187849221920736,edge_tinyllama-1.1b_Q4_K_M.discarded_n_predict256.jsonl,n_predict256
edge,tinyllama-1.1b,Q4_K_M,short-000,short,2,False,71048.59973499998,172,909.89453125,18592.04124399997,3.278903628981114,edge_tinyllama-1.1b_Q4_K_M.discarded_n_predict256.jsonl,n_predict256
edge,tinyllama-1.1b,Q4_K_M,short-000,short,3,False,78822.872453,202,909.89453125,17434.585621,3.290530008644956,edge_tinyllama-1.1b_Q4_K_M.discarded_n_predict256.jsonl,n_predict256
edge,tinyllama-1.1b,Q4_K_M,short-000,short,4,False,67830.99658800001,168,909.89453125,17712.404004000007,3.3520494359139845,edge_tinyllama-1.1b_Q4_K_M.discarded_n_predict256.jsonl,n_predict256
edge,tinyllama-1.1b,Q4_K_M,short-001,short,0,True,78408.18242799997,171,913.51953125,25812.29092799998,3.251204516611341,edge_tinyllama-1.1b_Q4_K_M.discarded_n_predict256.jsonl,n_predict256
edge,tinyllama-1.1b,Q4_K_M,short-001,short,1,False,111775.00433900002,265,913.51953125,24849.329468000065,3.0485814506849347,edge_tinyllama-1.1b_Q4_K_M.discarded_n_predict256.jsonl,n_predict256
edge,tinyllama-1.1b,Q4_K_M,short-001,short,2,False,107013.91667899997,255,913.51953125,24090.533381,3.075127784929035,edge_tinyllama-1.1b_Q4_K_M.discarded_n_predict256.jsonl,n_predict256
edge,tinyllama-1.1b,Q4_K_M,short-000,short,0,True,84875.53195300006,191,882.59375,19009.56056799987,2.899828181134164,edge_tinyllama-1.1b_Q4_K_M.discarded_streaming_uncapped.jsonl,streaming_uncapped
edge,tinyllama-1.1b,Q4_K_M,short-000,short,1,False,68217.90144700026,158,882.59375,18857.598855000106,3.200952824499239,edge_tinyllama-1.1b_Q4_K_M.discarded_streaming_uncapped.jsonl,streaming_uncapped
edge,tinyllama-1.1b,Q4_K_M,short-000,short,2,False,77996.17634100013,174,882.59375,24366.61010500029,3.2444789733018435,edge_tinyllama-1.1b_Q4_K_M.discarded_streaming_uncapped.jsonl,streaming_uncapped
edge,tinyllama-1.1b,Q4_K_M,short-001,short,0,True,96472.78472899961,224,886.59375,23665.403095999864,3.076611120684398,edge_tinyllama-1.1b_Q4_K_M.discarded_streaming_uncapped.jsonl,streaming_uncapped
edge,tinyllama-1.1b,Q4_K_M,short-000,short,0,True,82057.26187299979,195,910.3125,18800.827384999822,3.0826903472877905,edge_tinyllama-1.1b_Q4_K_M.discarded_unenforced_npredict.jsonl,unenforced_npredict
edge,tinyllama-1.1b,Q4_K_M,short-000,short,1,False,62079.01517400001,142,910.3125,18818.50981799994,3.2824396948544927,edge_tinyllama-1.1b_Q4_K_M.discarded_unenforced_npredict.jsonl,unenforced_npredict
edge,tinyllama-1.1b,Q4_K_M,short-000,short,2,False,78278.43145400015,193,910.3125,18027.382148000015,3.20326371445916,edge_tinyllama-1.1b_Q4_K_M.discarded_unenforced_npredict.jsonl,unenforced_npredict
edge,tinyllama-1.1b,Q4_K_M,short-001,short,0,True,102785.92058599998,245,913.8125,23535.72393299987,3.0914749785762865,edge_tinyllama-1.1b_Q4_K_M.discarded_unenforced_npredict.jsonl,unenforced_npredict
edge,tinyllama-1.1b,Q4_K_M,short-001,short,1,False,101514.86422800008,238,913.8125,24275.06185700008,3.081312907260339,edge_tinyllama-1.1b_Q4_K_M.discarded_unenforced_npredict.jsonl,unenforced_npredict
edge,tinyllama-1.1b,Q4_K_M,short-001,short,2,False,75968.27196100002,171,913.8125,23424.529172999883,3.2544312781436022,edge_tinyllama-1.1b_Q4_K_M.discarded_unenforced_npredict.jsonl,unenforced_npredict
edge,tinyllama-1.1b,Q4_K_M,short-002,short,0,True,52363.950546000066,97,914.3125,24860.849517000133,3.5268750203011963,edge_tinyllama-1.1b_Q4_K_M.discarded_unenforced_npredict.jsonl,unenforced_npredict
edge,tinyllama-1.1b,Q4_K_M,short-002,short,1,False,57796.10866500002,112,914.3125,24705.379199999923,3.3846337572721645,edge_tinyllama-1.1b_Q4_K_M.discarded_unenforced_npredict.jsonl,unenforced_npredict
edge,tinyllama-1.1b,Q4_K_M,short-002,short,2,False,78419.91882399975,171,914.3125,24779.47266000001,3.1878929469972412,edge_tinyllama-1.1b_Q4_K_M.discarded_unenforced_npredict.jsonl,unenforced_npredict
edge,tinyllama-1.1b,Q4_K_M,short-003,short,0,True,25795.979576000263,22,914.3125,23753.23466100008,10.769822427876663,edge_tinyllama-1.1b_Q4_K_M.discarded_unenforced_npredict.jsonl,unenforced_npredict
edge,tinyllama-1.1b,Q4_K_M,short-003,short,1,False,25462.91985400012,22,914.3125,23535.78047400015,11.415884200342752,edge_tinyllama-1.1b_Q4_K_M.discarded_unenforced_npredict.jsonl,unenforced_npredict
edge,tinyllama-1.1b,Q4_K_M,short-003,short,2,False,23815.26377099999,18,914.3125,23062.0960199999,23.89905831217381,edge_tinyllama-1.1b_Q4_K_M.discarded_unenforced_npredict.jsonl,unenforced_npredict
edge,tinyllama-1.1b,Q4_K_M,short-004,short,0,True,253558.828145,658,914.3125,17641.467769999963,2.789112250807159,edge_tinyllama-1.1b_Q4_K_M.discarded_unenforced_npredict.jsonl,unenforced_npredict
edge,tinyllama-1.1b,Q4_K_M,short-004,short,1,False,230677.34567600017,593,914.3125,19881.50320800014,2.8131484618346807,edge_tinyllama-1.1b_Q4_K_M.discarded_unenforced_npredict.jsonl,unenforced_npredict
edge,tinyllama-1.1b,Q4_K_M,short-004,short,2,False,1090311.9388899999,2531,914.3125,17920.943756999804,2.360146636335845,edge_tinyllama-1.1b_Q4_K_M.discarded_unenforced_npredict.jsonl,unenforced_npredict
edge,tinyllama-1.1b,Q4_K_M,short-005,short,0,True,78743.75955599999,177,914.3125,24753.687304999858,3.2783804988651633,edge_tinyllama-1.1b_Q4_K_M.discarded_unenforced_npredict.jsonl,unenforced_npredict
edge,tinyllama-1.1b,Q4_K_M,short-005,short,1,False,128143.6920629999,313,914.3125,24612.281771999733,3.0232370941363356,edge_tinyllama-1.1b_Q4_K_M.discarded_unenforced_npredict.jsonl,unenforced_npredict
edge,tinyllama-1.1b,Q4_K_M,short-005,short,2,False,83347.84559399987,187,914.3125,26815.57660699991,3.3078452952773247,edge_tinyllama-1.1b_Q4_K_M.discarded_unenforced_npredict.jsonl,unenforced_npredict
edge,tinyllama-1.1b,Q4_K_M,short-006,short,0,True,19843.69833499977,10,914.3125,19842.71717999991,,edge_tinyllama-1.1b_Q4_K_M.discarded_unenforced_npredict.jsonl,unenforced_npredict
edge,tinyllama-1.1b,Q4_K_M,short-006,short,1,False,20166.568568000002,10,914.3125,20165.625755000292,,edge_tinyllama-1.1b_Q4_K_M.discarded_unenforced_npredict.jsonl,unenforced_npredict
edge,tinyllama-1.1b,Q4_K_M,short-006,short,2,False,19064.700009999797,10,914.3125,19063.814464999723,,edge_tinyllama-1.1b_Q4_K_M.discarded_unenforced_npredict.jsonl,unenforced_npredict
edge,tinyllama-1.1b,Q4_K_M,short-007,short,0,True,68513.78447000025,159,914.3125,21112.91439500019,3.3543688069105513,edge_tinyllama-1.1b_Q4_K_M.discarded_unenforced_npredict.jsonl,unenforced_npredict
edge,tinyllama-1.1b,Q4_K_M,short-007,short,1,False,63706.442544999845,148,914.3125,20155.181958999492,3.3982942860573573,edge_tinyllama-1.1b_Q4_K_M.discarded_unenforced_npredict.jsonl,unenforced_npredict
edge,tinyllama-1.1b,Q4_K_M,short-007,short,2,False,64866.22933600029,144,914.3125,21162.26886899949,3.2948958964194777,edge_tinyllama-1.1b_Q4_K_M.discarded_unenforced_npredict.jsonl,unenforced_npredict
edge,tinyllama-1.1b,Q4_K_M,short-008,short,0,True,127405.30697099984,312,914.3125,24312.622163000015,3.026402897364346,edge_tinyllama-1.1b_Q4_K_M.discarded_unenforced_npredict.jsonl,unenforced_npredict
edge,tinyllama-1.1b,Q4_K_M,short-008,short,1,False,127502.07278000016,313,914.3125,24597.309901999324,3.041647356702803,edge_tinyllama-1.1b_Q4_K_M.discarded_unenforced_npredict.jsonl,unenforced_npredict
edge,tinyllama-1.1b,Q4_K_M,short-008,short,2,False,104751.88203899961,253,914.3125,23011.788400000114,3.0951762927671727,edge_tinyllama-1.1b_Q4_K_M.discarded_unenforced_npredict.jsonl,unenforced_npredict
edge,tinyllama-1.1b,Q4_K_M,short-009,short,0,True,115891.1140299997,291,914.3125,20707.454536000114,3.057247447166546,edge_tinyllama-1.1b_Q4_K_M.discarded_unenforced_npredict.jsonl,unenforced_npredict
edge,tinyllama-1.1b,Q4_K_M,short-009,short,1,False,114967.92926499984,278,914.3125,20886.440246999882,2.9548852053862817,edge_tinyllama-1.1b_Q4_K_M.discarded_unenforced_npredict.jsonl,unenforced_npredict
edge,tinyllama-1.1b,Q4_K_M,short-009,short,2,False,100647.34144999966,247,914.3125,21150.514251999994,3.1070422393689583,edge_tinyllama-1.1b_Q4_K_M.discarded_unenforced_npredict.jsonl,unenforced_npredict
edge,tinyllama-1.1b,Q4_K_M,short-010,short,0,True,130407.95085799982,333,914.3125,19546.211093999773,3.003741423406153,edge_tinyllama-1.1b_Q4_K_M.discarded_unenforced_npredict.jsonl,unenforced_npredict
edge,tinyllama-1.1b,Q4_K_M,short-010,short,1,False,99349.39971099993,253,914.3125,19089.0836690005,3.152242758022627,edge_tinyllama-1.1b_Q4_K_M.discarded_unenforced_npredict.jsonl,unenforced_npredict
edge,tinyllama-1.1b,Q4_K_M,short-010,short,2,False,92503.76304400015,232,914.3125,20462.97447300003,3.2203978413055734,edge_tinyllama-1.1b_Q4_K_M.discarded_unenforced_npredict.jsonl,unenforced_npredict
edge,tinyllama-1.1b,Q4_K_M,short-011,short,0,True,112070.86927199998,291,914.3125,18582.427466999434,3.112684246112174,edge_tinyllama-1.1b_Q4_K_M.discarded_unenforced_npredict.jsonl,unenforced_npredict
edge,tinyllama-1.1b,Q4_K_M,short-011,short,1,False,110260.30431100025,288,914.3125,18078.398368999842,3.1242573806317875,edge_tinyllama-1.1b_Q4_K_M.discarded_unenforced_npredict.jsonl,unenforced_npredict
edge,tinyllama-1.1b,Q4_K_M,short-011,short,2,False,111029.37065600054,288,914.3125,18833.88757300054,3.1237972877773723,edge_tinyllama-1.1b_Q4_K_M.discarded_unenforced_npredict.jsonl,unenforced_npredict
edge,tinyllama-1.1b,Q4_K_M,short-012,short,0,True,27781.263674,34,914.3125,21928.927291000036,5.809645545796748,edge_tinyllama-1.1b_Q4_K_M.discarded_unenforced_npredict.jsonl,unenforced_npredict
edge,tinyllama-1.1b,Q4_K_M,short-012,short,1,False,26817.413825000585,33,914.3125,21414.720008000586,6.108064072808071,edge_tinyllama-1.1b_Q4_K_M.discarded_unenforced_npredict.jsonl,unenforced_npredict
edge,tinyllama-1.1b,Q4_K_M,short-012,short,2,False,26215.896206999787,33,914.3125,20815.020525000364,6.110120273641122,edge_tinyllama-1.1b_Q4_K_M.discarded_unenforced_npredict.jsonl,unenforced_npredict
edge,tinyllama-1.1b,Q4_K_M,short-013,short,0,True,155866.84258800052,408,914.3125,17562.671182000486,2.9500194813523883,edge_tinyllama-1.1b_Q4_K_M.discarded_unenforced_npredict.jsonl,unenforced_npredict
edge,tinyllama-1.1b,Q4_K_M,short-013,short,1,False,159197.25673300037,422,914.3125,18369.422957000097,2.996566720405784,edge_tinyllama-1.1b_Q4_K_M.discarded_unenforced_npredict.jsonl,unenforced_npredict
edge,tinyllama-1.1b,Q4_K_M,short-013,short,2,False,179839.90999600064,481,914.3125,17360.478431000047,2.9603747093832853,edge_tinyllama-1.1b_Q4_K_M.discarded_unenforced_npredict.jsonl,unenforced_npredict
edge,tinyllama-1.1b,Q4_K_M,short-014,short,0,True,15935.063113999604,7,914.3125,15934.461475999342,,edge_tinyllama-1.1b_Q4_K_M.discarded_unenforced_npredict.jsonl,unenforced_npredict
edge,tinyllama-1.1b,Q4_K_M,short-014,short,1,False,16184.628871000314,7,914.3125,16183.872650000012,,edge_tinyllama-1.1b_Q4_K_M.discarded_unenforced_npredict.jsonl,unenforced_npredict
edge,tinyllama-1.1b,Q4_K_M,short-014,short,2,False,16198.578800000178,7,914.3125,16198.101014999338,,edge_tinyllama-1.1b_Q4_K_M.discarded_unenforced_npredict.jsonl,unenforced_npredict
edge,tinyllama-1.1b,Q4_K_M,short-015,short,0,True,21119.626323000375,20,914.3125,19853.999184000713,15.802442428508435,edge_tinyllama-1.1b_Q4_K_M.discarded_unenforced_npredict.jsonl,unenforced_npredict
edge,tinyllama-1.1b,Q4_K_M,short-015,short,1,False,17666.363608999745,10,914.3125,17665.089276999424,,edge_tinyllama-1.1b_Q4_K_M.discarded_unenforced_npredict.jsonl,unenforced_npredict
edge,tinyllama-1.1b,Q4_K_M,short-015,short,2,False,17899.556706999647,10,914.3125,17898.369781999463,,edge_tinyllama-1.1b_Q4_K_M.discarded_unenforced_npredict.jsonl,unenforced_npredict
edge,tinyllama-1.1b,Q4_K_M,short-016,short,0,True,47552.09396999999,104,914.3125,18982.065080999746,3.640178328277473,edge_tinyllama-1.1b_Q4_K_M.discarded_unenforced_npredict.jsonl,unenforced_npredict
edge,tinyllama-1.1b,Q4_K_M,short-016,short,1,False,46826.82651499999,105,914.3125,16842.19449899956,3.5017938503954222,edge_tinyllama-1.1b_Q4_K_M.discarded_unenforced_npredict.jsonl,unenforced_npredict
edge,tinyllama-1.1b,Q4_K_M,short-016,short,2,False,52481.423891000304,124,914.3125,17543.54056000011,3.5491560500454096,edge_tinyllama-1.1b_Q4_K_M.discarded_unenforced_npredict.jsonl,unenforced_npredict
edge,tinyllama-1.1b,Q4_K_M,short-017,short,0,True,36818.3009710001,73,914.3125,18319.064130999323,3.9461087303965203,edge_tinyllama-1.1b_Q4_K_M.discarded_unenforced_npredict.jsonl,unenforced_npredict
edge,tinyllama-1.1b,Q4_K_M,short-017,short,1,False,38588.26936999958,79,914.3125,17691.710920999867,3.780526836168164,edge_tinyllama-1.1b_Q4_K_M.discarded_unenforced_npredict.jsonl,unenforced_npredict
edge,tinyllama-1.1b,Q4_K_M,short-017,short,2,False,36414.76126499947,67,914.3125,19845.501951999722,4.04363277406334,edge_tinyllama-1.1b_Q4_K_M.discarded_unenforced_npredict.jsonl,unenforced_npredict
edge,tinyllama-1.1b,Q4_K_M,short-018,short,0,True,74161.08374600025,177,914.3125,20631.165504999444,3.3065621210762144,edge_tinyllama-1.1b_Q4_K_M.discarded_unenforced_npredict.jsonl,unenforced_npredict
edge,tinyllama-1.1b,Q4_K_M,short-018,short,1,False,64906.594132000464,148,914.3125,21271.14302500013,3.3917375951283955,edge_tinyllama-1.1b_Q4_K_M.discarded_unenforced_npredict.jsonl,unenforced_npredict
edge,tinyllama-1.1b,Q4_K_M,short-018,short,2,False,173759.17096899956,451,914.3125,20883.274966999124,2.9501053586243478,edge_tinyllama-1.1b_Q4_K_M.discarded_unenforced_npredict.jsonl,unenforced_npredict
edge,tinyllama-1.1b,Q4_K_M,short-019,short,0,True,103713.4937640003,269,914.3125,18678.95707900061,3.163420540485549,edge_tinyllama-1.1b_Q4_K_M.discarded_unenforced_npredict.jsonl,unenforced_npredict
edge,tinyllama-1.1b,Q4_K_M,short-019,short,1,False,126454.44174299974,334,914.3125,17310.785583000325,3.0601870209512856,edge_tinyllama-1.1b_Q4_K_M.discarded_unenforced_npredict.jsonl,unenforced_npredict
edge,tinyllama-1.1b,Q4_K_M,short-019,short,2,False,96471.42029699989,248,914.3125,17417.621121000593,3.1371041314266486,edge_tinyllama-1.1b_Q4_K_M.discarded_unenforced_npredict.jsonl,unenforced_npredict
edge,tinyllama-1.1b,Q4_K_M,medium-000,medium,0,True,57589.07279599953,65,921.4375,41282.102873999975,3.9860256265211613,edge_tinyllama-1.1b_Q4_K_M.discarded_unenforced_npredict.jsonl,unenforced_npredict
edge,tinyllama-1.1b,Q4_K_M,medium-000,medium,1,False,62121.47404899952,84,921.4375,39337.83011899959,3.6868553712514185,edge_tinyllama-1.1b_Q4_K_M.discarded_unenforced_npredict.jsonl,unenforced_npredict
edge,tinyllama-1.1b,Q4_K_M,medium-000,medium,2,False,59313.70968699957,82,921.4375,37374.838234999515,3.737658073224385,edge_tinyllama-1.1b_Q4_K_M.discarded_unenforced_npredict.jsonl,unenforced_npredict
edge,tinyllama-1.1b,Q4_K_M,medium-001,medium,0,True,71526.92813299928,75,928.3125,51899.75289299946,3.821232504571081,edge_tinyllama-1.1b_Q4_K_M.discarded_unenforced_npredict.jsonl,unenforced_npredict
edge,tinyllama-1.1b,Q4_K_M,medium-001,medium,1,False,70376.73121299941,73,928.3125,51405.14327599976,3.847859243117472,edge_tinyllama-1.1b_Q4_K_M.discarded_unenforced_npredict.jsonl,unenforced_npredict
edge,tinyllama-1.1b,Q4_K_M,medium-001,medium,2,False,73226.40497799966,81,928.3125,51428.91607399997,3.7160243712814576,edge_tinyllama-1.1b_Q4_K_M.discarded_unenforced_npredict.jsonl,unenforced_npredict
edge,tinyllama-1.1b,Q4_K_M,medium-002,medium,0,True,101745.25668000024,145,930.6875,56278.57759699964,3.189148689203774,edge_tinyllama-1.1b_Q4_K_M.discarded_unenforced_npredict.jsonl,unenforced_npredict
edge,tinyllama-1.1b,Q4_K_M,medium-002,medium,1,False,103707.58149599988,146,930.6875,58074.39641199926,3.1994260258460208,edge_tinyllama-1.1b_Q4_K_M.discarded_unenforced_npredict.jsonl,unenforced_npredict
edge,tinyllama-1.1b,Q4_K_M,medium-002,medium,2,False,108888.41137599957,156,930.6875,58199.97899200007,3.0776252620754465,edge_tinyllama-1.1b_Q4_K_M.discarded_unenforced_npredict.jsonl,unenforced_npredict
edge,tinyllama-1.1b,Q4_K_M,medium-003,medium,0,True,70595.64274500008,103,930.6875,41521.40829600012,3.5426556176629718,edge_tinyllama-1.1b_Q4_K_M.discarded_unenforced_npredict.jsonl,unenforced_npredict
edge,tinyllama-1.1b,Q4_K_M,medium-003,medium,1,False,63629.907574000754,81,930.6875,42054.45065399999,3.7542657984180083,edge_tinyllama-1.1b_Q4_K_M.discarded_unenforced_npredict.jsonl,unenforced_npredict
edge,tinyllama-1.1b,Q4_K_M,medium-003,medium,2,False,61103.489512000124,74,930.6875,41596.30950200062,3.793475015971921,edge_tinyllama-1.1b_Q4_K_M.discarded_unenforced_npredict.jsonl,unenforced_npredict
edge,tinyllama-1.1b,Q4_K_M,medium-004,medium,0,True,51350.23098900001,51,930.6875,39796.735496999645,4.414248487422042,edge_tinyllama-1.1b_Q4_K_M.discarded_unenforced_npredict.jsonl,unenforced_npredict
edge,tinyllama-1.1b,Q4_K_M,medium-004,medium,1,False,48279.05457900033,48,930.6875,37665.349055999286,4.522454471341684,edge_tinyllama-1.1b_Q4_K_M.discarded_unenforced_npredict.jsonl,unenforced_npredict
edge,tinyllama-1.1b,Q4_K_M,medium-004,medium,2,False,51031.95532499922,52,930.6875,39107.39022099915,4.360746035304611,edge_tinyllama-1.1b_Q4_K_M.discarded_unenforced_npredict.jsonl,unenforced_npredict
edge,tinyllama-1.1b,Q4_K_M,medium-005,medium,0,True,138692.59178099857,311,930.6875,34189.94689399915,2.9760012326605696,edge_tinyllama-1.1b_Q4_K_M.discarded_unenforced_npredict.jsonl,unenforced_npredict
edge,tinyllama-1.1b,Q4_K_M,medium-005,medium,1,False,145505.14149300032,322,930.6875,38466.98146400013,3.008272936612134,edge_tinyllama-1.1b_Q4_K_M.discarded_unenforced_npredict.jsonl,unenforced_npredict
edge,tinyllama-1.1b,Q4_K_M,medium-005,medium,2,False,152756.95069099858,345,930.6875,36489.70461399949,2.9673017263307373,edge_tinyllama-1.1b_Q4_K_M.discarded_unenforced_npredict.jsonl,unenforced_npredict
edge,tinyllama-1.1b,Q4_K_M,medium-006,medium,0,True,53530.53638500023,65,930.6875,37298.92207800003,4.004530835356745,edge_tinyllama-1.1b_Q4_K_M.discarded_unenforced_npredict.jsonl,unenforced_npredict
edge,tinyllama-1.1b,Q4_K_M,medium-006,medium,1,False,51825.37861799938,65,930.6875,35739.81155799993,4.040889560035332,edge_tinyllama-1.1b_Q4_K_M.discarded_unenforced_npredict.jsonl,unenforced_npredict
edge,tinyllama-1.1b,Q4_K_M,medium-006,medium,2,False,53868.08277399905,65,930.6875,37753.50412199987,4.033614617155136,edge_tinyllama-1.1b_Q4_K_M.discarded_unenforced_npredict.jsonl,unenforced_npredict
edge,tinyllama-1.1b,Q4_K_M,medium-007,medium,0,True,79974.1747349999,120,930.6875,44736.295729999256,3.4054263022746247,edge_tinyllama-1.1b_Q4_K_M.discarded_unenforced_npredict.jsonl,unenforced_npredict
edge,tinyllama-1.1b,Q4_K_M,medium-007,medium,1,False,86256.14721400052,134,930.6875,45720.83657800067,3.3057597906007694,edge_tinyllama-1.1b_Q4_K_M.discarded_unenforced_npredict.jsonl,unenforced_npredict
edge,tinyllama-1.1b,Q4_K_M,medium-007,medium,2,False,78986.53056399962,111,930.6875,46945.47099800002,3.464304910746077,edge_tinyllama-1.1b_Q4_K_M.discarded_unenforced_npredict.jsonl,unenforced_npredict
edge,tinyllama-1.1b,Q4_K_M,medium-008,medium,0,True,117194.05622999875,247,930.6875,36555.293673998676,3.063043035022634,edge_tinyllama-1.1b_Q4_K_M.discarded_unenforced_npredict.jsonl,unenforced_npredict
edge,tinyllama-1.1b,Q4_K_M,medium-008,medium,1,False,96127.80152400046,188,930.6875,37508.09847200071,3.2071128001660285,edge_tinyllama-1.1b_Q4_K_M.discarded_unenforced_npredict.jsonl,unenforced_npredict
edge,tinyllama-1.1b,Q4_K_M,medium-008,medium,2,False,109730.34517999986,227,930.6875,36689.78540399985,3.107862271266282,edge_tinyllama-1.1b_Q4_K_M.discarded_unenforced_npredict.jsonl,unenforced_npredict
edge,tinyllama-1.1b,Q4_K_M,medium-009,medium,0,True,91078.80133599974,150,930.6875,44569.55028599987,3.2251648137430156,edge_tinyllama-1.1b_Q4_K_M.discarded_unenforced_npredict.jsonl,unenforced_npredict
edge,tinyllama-1.1b,Q4_K_M,medium-009,medium,1,False,80763.58449500003,122,930.6875,44604.50422499889,3.37397962251865,edge_tinyllama-1.1b_Q4_K_M.discarded_unenforced_npredict.jsonl,unenforced_npredict
edge,tinyllama-1.1b,Q4_K_M,medium-009,medium,2,False,79731.91438200047,117,930.6875,45012.49813399954,3.369872326316449,edge_tinyllama-1.1b_Q4_K_M.discarded_unenforced_npredict.jsonl,unenforced_npredict
edge,tinyllama-1.1b,Q4_K_M,medium-010,medium,0,True,39209.2161290002,30,930.6875,34675.020966000375,6.616389220474579,edge_tinyllama-1.1b_Q4_K_M.discarded_unenforced_npredict.jsonl,unenforced_npredict
edge,tinyllama-1.1b,Q4_K_M,medium-010,medium,1,False,63537.05904799972,104,930.6875,34485.40642499938,3.579830770717074,edge_tinyllama-1.1b_Q4_K_M.discarded_unenforced_npredict.jsonl,unenforced_npredict
edge,tinyllama-1.1b,Q4_K_M,medium-010,medium,2,False,67670.02184600096,119,930.6875,33622.756609000135,3.4951412153560244,edge_tinyllama-1.1b_Q4_K_M.discarded_unenforced_npredict.jsonl,unenforced_npredict
edge,tinyllama-1.1b,Q4_K_M,medium-011,medium,0,True,75090.02048500042,98,930.6875,47707.214346999535,3.578888135354363,edge_tinyllama-1.1b_Q4_K_M.discarded_unenforced_npredict.jsonl,unenforced_npredict
edge,tinyllama-1.1b,Q4_K_M,medium-011,medium,1,False,75298.04162799883,96,930.6875,48587.77955899859,3.5941242265614832,edge_tinyllama-1.1b_Q4_K_M.discarded_unenforced_npredict.jsonl,unenforced_npredict
edge,tinyllama-1.1b,Q4_K_M,medium-011,medium,2,False,72135.30056799937,96,930.6875,45157.15824399922,3.5584362647014807,edge_tinyllama-1.1b_Q4_K_M.discarded_unenforced_npredict.jsonl,unenforced_npredict
edge,tinyllama-1.1b,Q4_K_M,medium-012,medium,0,True,107243.38367999917,206,930.6875,41579.93361199988,3.137209509806018,edge_tinyllama-1.1b_Q4_K_M.discarded_unenforced_npredict.jsonl,unenforced_npredict
edge,tinyllama-1.1b,Q4_K_M,medium-012,medium,1,False,92139.65379199908,168,930.6875,40006.06651899943,3.222490697220991,edge_tinyllama-1.1b_Q4_K_M.discarded_unenforced_npredict.jsonl,unenforced_npredict
edge,tinyllama-1.1b,Q4_K_M,medium-012,medium,2,False,99900.32492899991,195,930.6875,38522.565420998944,3.1770465647997557,edge_tinyllama-1.1b_Q4_K_M.discarded_unenforced_npredict.jsonl,unenforced_npredict
edge,tinyllama-1.1b,Q4_K_M,medium-013,medium,0,True,101582.11969400145,133,931.8125,60399.40990000105,3.2295106530210833,edge_tinyllama-1.1b_Q4_K_M.discarded_unenforced_npredict.jsonl,unenforced_npredict
edge,tinyllama-1.1b,Q4_K_M,medium-013,medium,1,False,100187.24995399862,132,931.8125,59319.75712900021,3.2299510166979553,edge_tinyllama-1.1b_Q4_K_M.discarded_unenforced_npredict.jsonl,unenforced_npredict
edge,tinyllama-1.1b,Q4_K_M,medium-013,medium,2,False,104036.32330400069,136,931.8125,61248.68347499978,3.1784880059643057,edge_tinyllama-1.1b_Q4_K_M.discarded_unenforced_npredict.jsonl,unenforced_npredict
edge,tinyllama-1.1b,Q4_K_M,medium-014,medium,0,True,306073.38160499965,731,931.8125,37390.915276999294,2.720683675382132,edge_tinyllama-1.1b_Q4_K_M.discarded_unenforced_npredict.jsonl,unenforced_npredict
edge,tinyllama-1.1b,Q4_K_M,medium-014,medium,1,False,171898.69218799868,389,931.8125,37942.865539000195,2.903942364666885,edge_tinyllama-1.1b_Q4_K_M.discarded_unenforced_npredict.jsonl,unenforced_npredict
edge,tinyllama-1.1b,Q4_K_M,medium-014,medium,2,False,138898.9455459996,300,931.8125,38968.84463999959,3.0020984396102754,edge_tinyllama-1.1b_Q4_K_M.discarded_unenforced_npredict.jsonl,unenforced_npredict
edge,tinyllama-1.1b,Q4_K_M,medium-015,medium,0,True,324692.44342899945,770,931.8125,36947.91152899961,2.6759848220768236,edge_tinyllama-1.1b_Q4_K_M.discarded_unenforced_npredict.jsonl,unenforced_npredict
edge,tinyllama-1.1b,Q4_K_M,medium-015,medium,1,False,422673.06929599907,985,931.8125,38869.93881299895,2.5664199214853167,edge_tinyllama-1.1b_Q4_K_M.discarded_unenforced_npredict.jsonl,unenforced_npredict
edge,tinyllama-1.1b,Q4_K_M,medium-015,medium,2,False,372767.33453099953,886,931.8125,37507.464885000445,2.64272607674616,edge_tinyllama-1.1b_Q4_K_M.discarded_unenforced_npredict.jsonl,unenforced_npredict
edge,tinyllama-1.1b,Q4_K_M,medium-016,medium,0,True,97627.41432800067,115,933.0625,62636.755658000766,3.2865914610117946,edge_tinyllama-1.1b_Q4_K_M.discarded_unenforced_npredict.jsonl,unenforced_npredict
edge,tinyllama-1.1b,Q4_K_M,medium-016,medium,1,False,105901.32690700011,133,933.0625,63974.301947999265,3.172178329610952,edge_tinyllama-1.1b_Q4_K_M.discarded_unenforced_npredict.jsonl,unenforced_npredict
edge,tinyllama-1.1b,Q4_K_M,medium-016,medium,2,False,89620.82564800039,93,933.0625,62900.74416800053,3.480528308628514,edge_tinyllama-1.1b_Q4_K_M.discarded_unenforced_npredict.jsonl,unenforced_npredict
edge,tinyllama-1.1b,Q4_K_M,medium-017,medium,0,True,120305.75235099968,139,934.9375,74628.05935799952,3.0430608660840406,edge_tinyllama-1.1b_Q4_K_M.discarded_unenforced_npredict.jsonl,unenforced_npredict
edge,tinyllama-1.1b,Q4_K_M,medium-017,medium,1,False,119461.51408700098,149,934.9375,70381.0743110007,3.0358326184530062,edge_tinyllama-1.1b_Q4_K_M.discarded_unenforced_npredict.jsonl,unenforced_npredict
edge,tinyllama-1.1b,Q4_K_M,medium-017,medium,2,False,127753.09296699925,165,934.9375,72855.2442830005,3.0055822578725766,edge_tinyllama-1.1b_Q4_K_M.discarded_unenforced_npredict.jsonl,unenforced_npredict
edge,tinyllama-1.1b,Q4_K_M,medium-018,medium,0,True,105694.10006399994,156,934.9375,56891.83024599879,3.1965726303668363,edge_tinyllama-1.1b_Q4_K_M.discarded_unenforced_npredict.jsonl,unenforced_npredict
edge,tinyllama-1.1b,Q4_K_M,medium-018,medium,1,False,107214.82022799864,175,934.9375,51411.89710300023,3.1360364332169555,edge_tinyllama-1.1b_Q4_K_M.discarded_unenforced_npredict.jsonl,unenforced_npredict
edge,tinyllama-1.1b,Q4_K_M,medium-018,medium,2,False,78066.89897099932,86,934.9375,54766.83507800044,3.690977003107746,edge_tinyllama-1.1b_Q4_K_M.discarded_unenforced_npredict.jsonl,unenforced_npredict
edge,tinyllama-1.1b,Q4_K_M,medium-019,medium,0,True,76028.71896299985,108,934.9375,44748.18615099866,3.4526266112246145,edge_tinyllama-1.1b_Q4_K_M.discarded_unenforced_npredict.jsonl,unenforced_npredict
edge,tinyllama-1.1b,Q4_K_M,medium-019,medium,1,False,82112.52077400059,124,934.9375,45066.82007800009,3.3472170230373646,edge_tinyllama-1.1b_Q4_K_M.discarded_unenforced_npredict.jsonl,unenforced_npredict
edge,tinyllama-1.1b,Q4_K_M,medium-019,medium,2,False,77173.78781300067,110,934.9375,45176.20022600022,3.4377591654656277,edge_tinyllama-1.1b_Q4_K_M.discarded_unenforced_npredict.jsonl,unenforced_npredict
edge,tinyllama-1.1b,Q4_K_M,long-000,long,0,True,415079.9154079996,774,946.6875,109668.58527199838,2.534287119129909,edge_tinyllama-1.1b_Q4_K_M.discarded_unenforced_npredict.jsonl,unenforced_npredict
edge,tinyllama-1.1b,Q4_K_M,long-000,long,1,False,580440.9133879999,1130,946.6875,107860.42583699964,2.3911270773278632,edge_tinyllama-1.1b_Q4_K_M.discarded_unenforced_npredict.jsonl,unenforced_npredict
edge,tinyllama-1.1b,Q4_K_M,long-000,long,2,False,658956.18707,1292,946.6875,106034.06212700065,2.336676254604918,edge_tinyllama-1.1b_Q4_K_M.discarded_unenforced_npredict.jsonl,unenforced_npredict
edge,tinyllama-1.1b,Q4_K_M,long-001,long,0,True,144610.41355999987,153,946.6875,94942.52743799916,3.080461278826756,edge_tinyllama-1.1b_Q4_K_M.discarded_unenforced_npredict.jsonl,unenforced_npredict
edge,tinyllama-1.1b,Q4_K_M,long-001,long,1,False,130403.61599599964,115,946.6875,94426.46307399991,3.196473057479722,edge_tinyllama-1.1b_Q4_K_M.discarded_unenforced_npredict.jsonl,unenforced_npredict
edge,tinyllama-1.1b,Q4_K_M,long-001,long,2,False,147609.3318610001,146,946.6875,99700.48636000138,3.0474539403575576,edge_tinyllama-1.1b_Q4_K_M.discarded_unenforced_npredict.jsonl,unenforced_npredict
edge,tinyllama-1.1b,Q4_K_M,long-002,long,0,True,168028.47518100135,210,946.6875,95305.11951500011,2.887655527949967,edge_tinyllama-1.1b_Q4_K_M.discarded_unenforced_npredict.jsonl,unenforced_npredict
edge,tinyllama-1.1b,Q4_K_M,long-002,long,1,False,132498.50225299998,120,946.6875,94543.03517199878,3.1615998755569694,edge_tinyllama-1.1b_Q4_K_M.discarded_unenforced_npredict.jsonl,unenforced_npredict
edge,tinyllama-1.1b,Q4_K_M,long-002,long,2,False,196065.0774750011,291,946.6875,93053.19449600029,2.8249168113869056,edge_tinyllama-1.1b_Q4_K_M.discarded_unenforced_npredict.jsonl,unenforced_npredict
edge,tinyllama-1.1b,Q4_K_M,long-003,long,0,True,334089.28274699976,567,947.99609375,114400.14536099989,2.5809195973297734,edge_tinyllama-1.1b_Q4_K_M.discarded_unenforced_npredict.jsonl,unenforced_npredict
edge,tinyllama-1.1b,Q4_K_M,long-003,long,1,False,339754.3464199989,570,947.99609375,119326.58262000041,2.585881152962111,edge_tinyllama-1.1b_Q4_K_M.discarded_unenforced_npredict.jsonl,unenforced_npredict
edge,tinyllama-1.1b,Q4_K_M,long-003,long,2,False,235855.7707400032,325,947.99609375,117051.25029300325,2.735586144173581,edge_tinyllama-1.1b_Q4_K_M.discarded_unenforced_npredict.jsonl,unenforced_npredict
edge,tinyllama-1.1b,Q4_K_M,long-004,long,0,True,204128.6437939998,312,947.99609375,92217.38620199903,2.7879232770082036,edge_tinyllama-1.1b_Q4_K_M.discarded_unenforced_npredict.jsonl,unenforced_npredict
edge,tinyllama-1.1b,Q4_K_M,long-004,long,1,False,207806.25077500008,317,947.99609375,94394.23845999772,2.7951183788145046,edge_tinyllama-1.1b_Q4_K_M.discarded_unenforced_npredict.jsonl,unenforced_npredict
edge,tinyllama-1.1b,Q4_K_M,long-004,long,2,False,184961.45156199782,261,947.99609375,93160.89054499753,2.8431198797539605,edge_tinyllama-1.1b_Q4_K_M.discarded_unenforced_npredict.jsonl,unenforced_npredict
edge,tinyllama-1.1b,Q4_K_M,long-005,long,0,True,404004.26402200176,753,947.99609375,105873.41327100148,2.5257365955357227,edge_tinyllama-1.1b_Q4_K_M.discarded_unenforced_npredict.jsonl,unenforced_npredict
edge,tinyllama-1.1b,Q4_K_M,long-005,long,1,False,451709.908269997,867,947.99609375,104489.32276999767,2.4969717701256564,edge_tinyllama-1.1b_Q4_K_M.discarded_unenforced_npredict.jsonl,unenforced_npredict
edge,tinyllama-1.1b,Q4_K_M,long-005,long,2,False,448946.9030890032,851,947.99609375,106077.29714600282,2.4819931112280416,edge_tinyllama-1.1b_Q4_K_M.discarded_unenforced_npredict.jsonl,unenforced_npredict
edge,tinyllama-1.1b,Q4_K_M,long-006,long,0,True,174690.82441299906,176,947.99609375,114785.27040599874,2.937957972635281,edge_tinyllama-1.1b_Q4_K_M.discarded_unenforced_npredict.jsonl,unenforced_npredict
edge,tinyllama-1.1b,Q4_K_M,long-006,long,1,False,167801.9885190006,146,947.99609375,119832.99331300077,3.0436326500693256,edge_tinyllama-1.1b_Q4_K_M.discarded_unenforced_npredict.jsonl,unenforced_npredict
edge,tinyllama-1.1b,Q4_K_M,long-006,long,2,False,166044.4114230013,145,947.99609375,118137.33140000113,3.0266925041222628,edge_tinyllama-1.1b_Q4_K_M.discarded_unenforced_npredict.jsonl,unenforced_npredict
edge,tinyllama-1.1b,Q4_K_M,long-007,long,0,True,191163.60548199737,277,947.99609375,93579.34367899725,2.8385724796401948,edge_tinyllama-1.1b_Q4_K_M.discarded_unenforced_npredict.jsonl,unenforced_npredict
edge,tinyllama-1.1b,Q4_K_M,long-007,long,1,False,168888.44275200245,213,947.99609375,96150.61452900045,2.9283249885737264,edge_tinyllama-1.1b_Q4_K_M.discarded_unenforced_npredict.jsonl,unenforced_npredict
edge,tinyllama-1.1b,Q4_K_M,long-007,long,2,False,170443.41197899848,207,947.99609375,99460.01437999803,2.916174866260767,edge_tinyllama-1.1b_Q4_K_M.discarded_unenforced_npredict.jsonl,unenforced_npredict
edge,tinyllama-1.1b,Q4_K_M,long-008,long,0,True,168307.38703599854,147,948.42578125,119171.2652549977,2.9916891010482556,edge_tinyllama-1.1b_Q4_K_M.discarded_unenforced_npredict.jsonl,unenforced_npredict
pilot,tinyllama-1.1b,Q4_K_M,short-000,short,0,True,71329.8968439999,162,911.453125,21910.92879400003,3.278093541655822,pilot_tinyllama-1.1b_Q4_K_M.jsonl,pilot
pilot,tinyllama-1.1b,Q4_K_M,short-000,short,1,False,68693.22130599993,163,911.453125,18480.308484000034,3.2461769461138372,pilot_tinyllama-1.1b_Q4_K_M.jsonl,pilot
pilot,tinyllama-1.1b,Q4_K_M,short-001,short,0,True,96006.07929199986,215,915.328125,25007.599265999943,3.0282338427705233,pilot_tinyllama-1.1b_Q4_K_M.jsonl,pilot
pilot,tinyllama-1.1b,Q4_K_M,short-001,short,1,False,105057.58664500013,249,915.328125,24731.797401999982,3.0998761711102474,pilot_tinyllama-1.1b_Q4_K_M.jsonl,pilot
pilot,tinyllama-1.1b,Q4_K_M,medium-000,medium,0,True,61359.533746000125,82,923.078125,39628.937225000074,3.7734813179544653,pilot_tinyllama-1.1b_Q4_K_M.jsonl,pilot
pilot,tinyllama-1.1b,Q4_K_M,medium-000,medium,1,False,62360.67683100009,93,923.078125,36933.26691700008,3.657470435036145,pilot_tinyllama-1.1b_Q4_K_M.jsonl,pilot
pilot,tinyllama-1.1b,Q4_K_M,medium-001,medium,0,True,94455.39390099997,131,929.953125,54394.185434999825,3.2699962136983305,pilot_tinyllama-1.1b_Q4_K_M.jsonl,pilot
pilot,tinyllama-1.1b,Q4_K_M,medium-001,medium,1,False,50146.802217999946,11,929.953125,50145.61768699991,9286.375788959287,pilot_tinyllama-1.1b_Q4_K_M.jsonl,pilot
pilot,tinyllama-1.1b,Q4_K_M,long-000,long,0,True,1116633.2735819998,2053,947.828125,112093.82108600016,2.043722618259411,pilot_tinyllama-1.1b_Q4_K_M.jsonl,pilot
pilot,tinyllama-1.1b,Q4_K_M,long-000,long,1,False,676120.2389119999,1274,947.828125,106922.02466800017,2.23823611550171,pilot_tinyllama-1.1b_Q4_K_M.jsonl,pilot
