prompt_id,bucket,prompt
short-000,short,Name three advantages of using Python for web development.
short-001,short,"Evaluate the effectiveness of a story-telling technique.

The author used vivid imagery and dialogue to create an engaging story."
short-002,short,"Classify the following emotion as one of the six basic emotions: anger, fear, joy, surprise, disgust, or sadness.

Anxiety"
short-003,short,"Rewrite the sentence and use the word 'presidential'

Alice got an exciting job at a high-level company."
short-004,short,Generate a new short story for a children's book.
short-005,short,"Generate a list of questions based on the given input text.

Text: Hamlet is one of the greatest tragedies ever written by William Shakespeare."
short-006,short,Identify the correct punctuation for the following sentence: “I told my friend that i found the answer
short-007,short,"Given the title of a book, explain why someone should read it.

The Great Gatsby"
short-008,short,"Provide an argument against the following statement: ""AI could never replace humans in creative response tasks"". Output should be less than 100 words."
short-009,short,"Come up with 3 creative ideas for an experiential marketing campaign

< noinput >"
short-010,short,"Generate a list of five descriptions for a given concept.

Desktop computer"
short-011,short,"Write twenty words that describe a given item.

Computer"
short-012,short,Generate a sentence which reflects the emotions of a dog who has been mistreated by its owners.
short-013,short,Imagine a unique creature and explain its anatomy.
short-014,short,"Rewrite this statement in the active voice.

The award was won by Bob."
short-015,short,"Determine the correct punctuation.

I have read the book and it is great"
short-016,short,List three famous figures from the Renaissance.
short-017,short,Find an original name for a trendy new café
short-018,short,"Choose a movie and give 3 reasons why it is worth watching

Movie: Inception"
short-019,short,Explain how the following technology works: Machine learning.
medium-000,medium,"Summarize a sample paragraph.

The discovery of gravity is one of the cornerstone achievements of science. It was famously propounded by Isaac Newton and is now considered one of the most fundamental forces in the universe. Gravity is a universal force that affects all objects with mass. It also affects light, which is why light is bent when it passes through strong gravitational fields."
medium-001,medium,"Text-summarize the provided passage.

Smallpox is an infectious disease caused by the variola virus. Symptoms of smallpox include a fever, fatigue, and a distinctive rash. Smallpox is believed to have first appeared in human populations around 10,000 BCE. Throughout history, the disease has caused large-scale epidemics and mortality, particularly in the 18th and 19th centuries. By 1980, the disease had been effectively eradicated worldwide due to a successful global vaccination program."
medium-002,medium,"Generate a summarization of the following blog post

As technology advances, mankind's ability to explore and reach locations previously inaccessible is rapidly increasing. With tech companies rushing to develop ever-more groundbreaking methods of transportation, the world is on the brink of a revolution in human travel.

Yet, one significant challenge stands in the way of planet-wide mobility- the sheer cost of transportation. Airline tickets, electric cars, and other methods of transport cost more than many of us can financially afford. Furthermore, such prices are often out of reach for people living in rural areas, where the infrastructure is not available."
medium-003,medium,"Given two documents, summarize the differences between them.

Document 1: Summer harvest season has been maintained in the United States for many decades. The summer harvest assists farmers to produce and collect the necessary crops by the required time.
Document 2: The winter harvest season has become increasingly popular in recent years. The winter harvest enables farmers to produce earlier and increases the average yield of a crop."
medium-004,medium,"Summarise this paragraph in less than 50 words.

Social media has become an integral part of modern life. It is used by people of all ages and backgrounds to communicate, share information and express their personalities. However, with its ubiquity has come criticism of social media’s effects, including cyberbullying, lack of privacy and its role in addiction."
medium-005,medium,"Write a letter of recommendation for John Doe based on the information provided.

John Doe has been a valuable contributor on my team for the past 3 years. He has consistently demonstrated excellent problem-solving skills, going above and beyond when faced with challenging tasks. I believe he is a great candidate for any position."
medium-006,medium,"Please summarize the following article about AI in two sentences.

Artificial intelligence (AI) has been around for decades but its potential as an incredibly powerful tool is just beginning to be realized. AI can be used in any field from healthcare to finance to education in order to solve complex problems and speed up processes."
medium-007,medium,"Summarize the lesson on polynomial equations.

A polynomial equation is an equation of the form ax^2 + bx + c = 0, where a, b, and c are constants and x is a variable. Polynomial equations can be solved either by factorization or by using the quadratic formula. Factorization involves breaking the equation down into factors which can be manipulated to produce a solution. The quadratic formula is an alternative approach to solving polynomial equations."
medium-008,medium,"Compare between two given texts

Text 1: The recent emergence of fine-tuning continuous prompts as a compact alternative to full model fine-tuning has sparked interest in this area.
Text 2: Recent research in continuous prompts for natural language tasks has shown great success in effectively fine-tuning models with fewer training examples."
medium-009,medium,"Classify each employee in the dataset as 'high performance', 'mid performance' or 'low performance'.

[
Raj - 4 years experience, works on multiple projects, completed tasks on time in the past 3 months. 

Sameer - 6 years experience, failed to deliver the required results on time in the past 3 months. 

James - 2 years experience, takes initiative in completing tasks, but has not finished all tasks on time. 
]"
medium-010,medium,"Does the text discuss anything related to technology?

Article:
Life has never been the same since the industrial revolution. The factory system of production was a radical breakthrough which changed the way people worked and lived. Factory production revolutionized the way we manufacture products and allowed us to develop and mass produce items on a massive scale."
medium-011,medium,"Summarize the content below in 50 words or fewer.

The Chinese Communist Party (CCP) has ruled China for over seven decades and continues to hold an iron grip on political life in the country. It has established an extensive party-state apparatus to bolster its power and influence, as well as develop an economy that is largely directed by the party. It has sought to also control the Internet and other forms of communication, while ushering in a new era of economic and technological development"
medium-012,medium,"Analyze the story and determine if it has a moral.

Once upon a time, there was a magical kingdom. Everyone in the kingdom was happy and they all lived in harmony. But one day, the magical kingdom was attacked by a huge monster. The people of the kingdom were scared and ran away, but one brave knight stayed and fought the monster with his sword."
medium-013,medium,"Create a summary of the following article that is no more than 10 sentences.

Climate change is becoming an increasing concern across the world as temperatures continue to rise and record levels of extreme weather events are recorded. This is due to the human action of creating greenhouse gas emissions such as carbon dioxide, which trap heat and act like a blanket around the Earth’s atmosphere. The effects of climate change are already being witnessed, from floods to droughts, and are expected to even worsen if the climate is allowed to continue heating up. Therefore, it is vital for people to reduce the production of greenhouse gases, through sustainable and renewable energy sources, as well as other proactive measures."
medium-014,medium,"Improve this mental health article by making necessary grammatical and contextual changes.

Mental health is an importand part of a persons daily life and it is essential that it's closely monitored and taken care of. When a person's mental health is deteriorating it often leads to physical healthe issues and feeling of saddness and isolation."
medium-015,medium,"Generate a PDF report of information about a company.

ACME Co. is a successful software company that has been on the market for over 10 years. The company specializes in developing solutions with innovative and user-friendly interfaces, while focusing on customer satisfaction. The company employs 150+ people in 5 different countries and offers a wide range of services."
medium-016,medium,"Summarize the following text in no more than five sentences.

New prospects in stem cell research have brought about significant developments in the field of medicine, with the potential to treat conditions that were previously untreatable. This is due to new techniques in isolating and cultivating stem cells, and the demands and challenges these techniques pose. First, there is the source of the cells. Cells can be taken from embryos or from adult bodies, which has raised ethical and political questions. Then, there is the difficulty in preserving the cells in their undifferentiated state - and that is why research focused on affirming the potential to harvest and utilize adult stem cells was met with much enthusiasm, due to the absence of ethical considerations."
medium-017,medium,"Summarize the text describing the life cycle of a butterfly.

Butterflies go through four stages during their life cycle: egg, larva, pupa and adult. The first step of the life cycle is the egg. A female butterfly lays from dozens to hundreds of eggs on the underside of leaves of plants. The next stage is the larva which hatches from the eggs. The larva, or caterpillar, eat and grow in size over the next few weeks, they molt several times before they become ready to enter the pupa stage. Butterflies spend most of their time in the chrysalis, or pupa stage.  During this time, the caterpillar changes into an adult butterfly. Finally, when the butterfly emerges from the chrysalis, it can fly, feed and mate."
medium-018,medium,"Predict the scoring of a basketball game using the given data.

Game Info:

Team: Lakers vs. Cavaliers

Stats for Lakers:

Points - 112

Shots percentage - 45%

Rebounds - 46

Offense rating - 113

Turnovers - 17

Stats for Cavaliers:

Points - 101

Shots percentage - 42%

Rebounds - 33

Offense rating - 105

Turnovers - 10"
medium-019,medium,"Generate a chart for the data given below.

The following table shows the crime rate per 100,000 population for different cities in the US.

| City | Crime |
|------|-------|
| NYC | 390.5 |
| San Francisco | 161.1 |
| Los Angeles | 426.1 |
| Houston | 902.2 |
| Chicago | 741.5 |"
long-000,long,"Take this essay and reduce its word count to 500 words

The purpose of this research paper is to examine the reasons why students choose to attend college right after high school and to analyze the benefits and drawbacks of this decision. 

College has always been seen as an important part of the American dream. It has been viewed by many as the ticket to a better life, providing access to better jobs and greater economic stability. It also gives individuals a chance to further their education, which can grant them more opportunities in the professional world. 

Unfortunately, the cost of attending college has skyrocketed in recent years; tuition costs and fees make college increasingly difficult for the average student to attend. Despite the costs, students continue to attend college, citing the need for new skills, increased job opportunities and increased earning potential.

In addition to the financial implications of college, students must also consider the social implications. College can be a stressful experience, and the pressure to perform academically can be overwhelming. Furthermore, it can be difficult to transition from the relatively sheltered lifestyle of living at home to living on one's own.

In conclusion, attending college immediately after high school comes with its share of risks, but it is possible to find success in this endeavor. With proper planning, dedication and determination, the benefits of obtaining a college degree outweigh the risks."
long-001,long,"Cite which sources were used in the paper

Abstract: Fine-tuning continuous prompts for target tasks has recently emerged as a compact alternative to full model fine-tuning. Motivated by these promising results, we investigate the feasibility of extracting a discrete (textual) interpretation of continuous prompts that is faithful to the problem they solve. In practice, we observe a ""wayward"" behavior between the task solved by continuous prompts and their nearest neighbor discrete projections: We can find continuous prompts that solve a task while being projected to an arbitrary text (e.g., definition of a different or even a contradictory task), while being within a very small (2%) margin of the best continuous prompt of the same size for the task. We provide intuitions behind this odd and surprising behavior, as well as extensive empirical analyses quantifying the effect of various parameters. For instance, for larger model sizes we observe higher waywardness, i.e, we can find prompts that more closely map to any arbitrary text with a smaller drop in accuracy. These findings have important implications relating to the difficulty of faithfully interpreting continuous prompts and their generalization across models and tasks, providing guidance for future progress in prompting language models."
long-002,long,"Draft a tweet about the latest research paper

Abstract: Fine-tuning continuous prompts for target tasks has recently emerged as a compact alternative to full model fine-tuning. Motivated by these promising results, we investigate the feasibility of extracting a discrete (textual) interpretation of continuous prompts that is faithful to the problem they solve. In practice, we observe a ""wayward"" behavior between the task solved by continuous prompts and their nearest neighbor discrete projections: We can find continuous prompts that solve a task while being projected to an arbitrary text (e.g., definition of a different or even a contradictory task), while being within a very small (2%) margin of the best continuous prompt of the same size for the task. We provide intuitions behind this odd and surprising behavior, as well as extensive empirical analyses quantifying the effect of various parameters. For instance, for larger model sizes we observe higher waywardness, i.e, we can find prompts that more closely map to any arbitrary text with a smaller drop in accuracy. These findings have important implications relating to the difficulty of faithfully interpreting continuous prompts and their generalization across models and tasks, providing guidance for future progress in prompting language models."
long-003,long,"Identify the key points from the following story and explain each briefly.

The Science Behind Dogs & Cats 

Because of the special bond humans have with their pets, it is no surprise that cats and dogs are two of the most loved pets in the world. But how does the relationship between humans and our furry friends work? Scientists have studied the science behind the interaction between cats and dogs and humans.
 
The science of pet therapy has been well researched by scientists. Studies have shown that when pets and humans interact, the people involved exhibit lower levels of stress hormones and an increased ""feel good"" hormone. Studies have also shown that petting a dog can decrease anxiety and help the person become more relaxed.

Studies have found that cats are less socially interactive than dogs, but they have their own way of communicating with humans. In some cases, cats can hear a stranger's voice and knew who it belonged to without having ever met them before. Cats have been found to be social learners that rely on visual cues to interpret their environment.

The science also includes how cats and dogs adapt to their environment. Dogs are found to be social learners and learn from their environment as well as from humans. They may be able to calm a person with their presence and can be trained to do various tasks. Cats on the other hand are more independent animals and stay close to their surroundings. They can pick up behavioral cues from their environment, more than humans, which is why cats can be so entertaining to watch."
long-004,long,"Write a summary for the paper given in the input.

Abstract: Fine-tuning continuous prompts for target tasks has recently emerged as a compact alternative to full model fine-tuning. Motivated by these promising results, we investigate the feasibility of extracting a discrete (textual) interpretation of continuous prompts that is faithful to the problem they solve. In practice, we observe a ""wayward"" behavior between the task solved by continuous prompts and their nearest neighbor discrete projections: We can find continuous prompts that solve a task while being projected to an arbitrary text (e.g., definition of a different or even a contradictory task), while being within a very small (2%) margin of the best continuous prompt of the same size for the task. We provide intuitions behind this odd and surprising behavior, as well as extensive empirical analyses quantifying the effect of various parameters. For instance, for larger model sizes we observe higher waywardness, i.e, we can find prompts that more closely map to any arbitrary text with a smaller drop in accuracy. These findings have important implications relating to the difficulty of faithfully interpreting continuous prompts and their generalization across models and tasks, providing guidance for future progress in prompting language models."
long-005,long,"Generate a 100-word synopsis of the following paper describing its main claims and applications.

This paper presents a deep reinforcement learning algorithm for learning to play a computer game ""Doom"". The proposed algorithm is a reimplementation of deep deterministic policy gradient with a continuous action space, relying on convolutional neural networks (CNN) in order to map frames of the game to the expected action. The experiments conducted with two variants of the Doom game showed that the proposed algorithm outperforms the baseline solution in terms of accuracy, demonstrating superior performance with deeper CNNs.

This research demonstrates the feasibility of deep reinforcement learning for game AI. With the help of deep learning techniques, our model is able to apprehend abstract concepts and perform complex navigational tasks, ensuring a high accuracy compared to the traditional approach. Exploring the performance of other deep reinforcement learning algorithms on the Doom games could further improve the overall accuracy.

The applications of the proposed approach can extend beyond game AI to robotic navigation and control tasks, image processing, and decision-making. By embracing more complex reinforcement learning techniques, such as imitation learning, hierarchical learning and meta-learning, the proposed method can be applied in various AI-driven tasks, including robotics and healthcare, combat and autonomous driving."
long-006,long,"Convert the instructions into a readable format.

1. Try not to repeat the verb for each instruction to maximize diversity.
2. The language used for the instruction also should be diverse. For example, you should combine questions with imperative instrucitons.
3. The type of instructions should be diverse. The list should include diverse types of tasks like open-ended generation, classification, editing, etc.
2. A GPT language model t should be able to complete the instruction. For example, do not ask the assistant to create any visual or audio output. For another example, do not ask the assistant to wake you up at 5pm or set a reminder because it cannot perform any action.
3. The instructions should be in English.
4. The instructions should be 1 to 2 sentences long. Either an imperative sentence or a question is permitted.
5. You should generate an appropriate input to the instruction. The input field should contain a specific example provided for the instruction. It should involve realistic data and should not contain simple placeholders. The input should provide substantial content to make the instruction challenging but should ideally not exceed 100 words.
6. Not all instructions require input. For example, when a instruction asks about some general information, ""what is the highest peak in the world"", it is not necssary to provide a specific context. In this case, we simply put ""<noinput>"" in the input field.
7. The output should be an appropriate response to the instruction and the input. Make sure the output is less than 100 words."
long-007,long,"State the main arguments that the abstract makes

Abstract: Fine-tuning continuous prompts for target tasks has recently emerged as a compact alternative to full model fine-tuning. Motivated by these promising results, we investigate the feasibility of extracting a discrete (textual) interpretation of continuous prompts that is faithful to the problem they solve. In practice, we observe a ""wayward"" behavior between the task solved by continuous prompts and their nearest neighbor discrete projections: We can find continuous prompts that solve a task while being projected to an arbitrary text (e.g., definition of a different or even a contradictory task), while being within a very small (2%) margin of the best continuous prompt of the same size for the task. We provide intuitions behind this odd and surprising behavior, as well as extensive empirical analyses quantifying the effect of various parameters. For instance, for larger model sizes we observe higher waywardness, i.e, we can find prompts that more closely map to any arbitrary text with a smaller drop in accuracy. These findings have important implications relating to the difficulty of faithfully interpreting continuous prompts and their generalization across models and tasks, providing guidance for future progress in prompting language models."
long-008,long,"Given an article, identify the key takeaways.

Social media has revolutionized how people communicate, become informed, and get their news. With platforms like Twitter, Facebook, and Instagram, it's easier for people to stay in the know and interact with friends and family, as well as thousands of other users. In addition to connecting with other people, social media can also be used to inform. For example, many news outlets use Twitter to post stories and updates that are related to the topics they cover. Others use the platform to share pieces of information and engage in discussion, as well as post pictures and videos of events as they happen, as was done during the Arab Spring.

Social media has also changed the landscape of modern marketing, allowing smaller business and organizations to reach a broader range of people. Companies and charities can use social media to promote their products, events, and causes to potential customers, donors, and followers. Social media has starkly altered how people raise awareness and money for causes, creating a more direct method for users to donate instead of relying on sponsored advertisements or traditional fundraising methods.

Moreover, social media has impacted politics and political campaigns around the world. Candidates are now able to spread their message beyond traditional avenues like protests and rallies, and use social media to reach voters and supporters. During the 2016 US election, for example, candidates on all sides used Twitter to announce their candidacies, post policy platforms, debate with opponents, and more. Thus, social media has become an integral part of modern political campaigns worldwide."
